lambda,b
320.187,698
320.3548279,650
320.5229492,716
320.69104,836
320.8591614,706
321.0272522,675
321.195343,869
321.3634338,804
321.5315247,726
321.699585,765
321.8676453,793
322.0357056,700
322.2037659,764
322.3718262,679
322.539856,750
322.7079163,786
322.875946,588
323.0439758,786
323.2119751,805
323.3800049,609
323.5480042,665
323.7160339,780
323.8840027,711
324.052002,774
324.2200012,696
324.38797,770
324.5559387,784
324.7239075,727
324.8918762,753
325.059845,782
325.2277832,669
325.395752,780
325.5636902,885
325.7315979,786
325.8995361,741
326.0674744,794
326.2353821,774
326.4032898,678
326.5711975,739
326.7391052,828
326.9069824,615
327.0748596,781
327.2427673,803
327.410614,721
327.5784912,526
327.7463684,719
327.9142151,856
328.0820618,673
328.2499084,730
328.4177551,695
328.5856018,823
328.753418,782
328.9212341,818
329.0890503,881
329.2568665,787
329.4246826,995
329.5924683,709
329.7602539,803
329.9280396,648
330.0958252,663
330.2636108,813
330.431366,670
330.5991516,781
330.7669067,830
330.9346313,695
331.1023865,730
331.2701416,735
331.4378662,872
331.6055908,741
331.7733154,691
331.94104,653
332.1087341,667
332.2764587,650
332.4441528,788
332.6118469,813
332.7795105,1026
332.9472046,765
333.1148682,757
333.2825317,848
333.4501953,720
333.6178589,779
333.7855225,670
333.9531555,758
334.1207886,750
334.2884216,754
334.4560547,591
334.6236877,645
334.7912903,699
334.9588928,737
335.1264954,675
335.2940979,915
335.4617004,644
335.6292725,801
335.796875,746
335.964447,753
336.1319885,677
336.2995605,698
336.4671326,724
336.6346741,741
336.8022156,856
336.9697571,730
337.1372986,849
337.3048096,746
337.4723206,722
337.6398315,742
337.8073425,689
337.9748535,816
338.1423645,645
338.309845,707
338.4773254,629
338.6448059,638
338.8122864,734
338.9797363,660
339.1471863,617
339.3146667,882
339.4821167,637
339.6495361,601
339.8169861,792
339.9844055,760
340.151825,621
340.3192444,668
340.4866638,662
340.6540833,690
340.8214722,544
340.9888611,690
341.15625,836
341.3236389,691
341.4910278,779
341.6583862,638
341.8257446,759
341.993103,826
342.1604614,605
342.3278198,651
342.4951477,729
342.6624756,681
342.8298035,795
342.9971313,720
343.1644592,769
343.3317566,1000
343.499054,862
343.6663513,653
343.8336487,712
344.000946,836
344.1682129,778
344.3355103,663
344.5027771,772
344.6700439,744
344.8372803,786
345.0045471,743
345.1717834,813
345.3390198,706
345.5062561,748
345.6734924,665
345.8406982,779
346.0079041,696
346.1751099,619
346.3423157,780
346.5095215,668
346.6766968,593
346.8439026,800
347.0110779,763
347.1782532,722
347.3453979,676
347.5125732,588
347.679718,790
347.8468628,775
348.0140076,579
348.1811523,708
348.3482666,678
348.5154114,689
348.6825256,735
348.8496399,649
349.0167236,780
349.1838379,711
349.3509216,732
349.5180054,845
349.6850891,736
349.8521729,862
350.0192261,691
350.1863098,656
350.353363,802
350.5204163,608
350.6874695,603
350.8544922,711
351.0215149,836
351.1885376,695
351.3555603,784
351.522583,751
351.6896057,691
351.8565979,838
352.0235901,661
352.1905823,722
352.3575745,859
352.5245361,915
352.6915283,873
352.85849,884
353.0254517,717
353.1923828,777
353.3593445,707
353.5262756,570
353.6932068,710
353.8601379,624
354.0270691,636
354.1940002,707
354.3609009,699
354.5278015,773
354.6947021,700
354.8616028,716
355.0284729,719
355.1953735,811
355.3622437,796
355.5291138,814
355.6959839,698
355.8628235,597
356.0296631,821
356.1965332,690
356.3633423,783
356.5301819,743
356.6970215,686
356.8638306,828
357.0306396,807
357.1974487,759
357.3642578,675
357.5310364,719
357.6978455,682
357.864624,649
358.0314026,859
358.1981506,657
358.3649292,807
358.5316772,603
358.6984253,794
358.8651733,687
359.0319214,760
359.1986694,729
359.365387,789
359.5321045,713
359.698822,887
359.8655396,736
360.0322266,674
360.1989441,818
360.3656311,632
360.5323181,623
360.6989746,784
360.8656616,921
361.0323181,835
361.1989746,820
361.3656311,825
361.5322876,914
361.6989136,616
361.8655701,647
362.032196,618
362.198822,728
362.3654175,619
362.5320435,664
362.6986389,639
362.8652344,779
363.0318298,734
363.1984253,765
363.3649902,690
363.5315552,729
363.6981201,663
363.8646851,753
364.03125,812
364.1977844,681
364.3643494,658
364.5308838,785
364.6974182,744
364.8639221,768
365.0304565,672
365.1969604,733
365.3634644,608
365.5299683,698
365.6964722,732
365.8629456,732
366.0294189,764
366.1958923,622
366.3623657,663
366.5288391,684
366.695282,622
366.8617249,738
367.0281677,709
367.1946106,743
367.3610535,778
367.5274658,671
367.6938782,849
367.8602905,718
368.0267029,655
368.1931152,853
368.3594971,833
368.5258789,822
368.6922607,745
368.8586426,769
369.0250244,604
369.1913757,738
369.3577271,621
369.5240784,732
369.6904297,614
369.8567505,822
370.0231018,783
370.1894226,592
370.3557434,624
370.5220642,785
370.6883545,741
370.8546448,637
371.0209656,588
371.1872559,694
371.3535156,794
371.5198059,808
371.6860657,848
371.8523254,672
372.0185852,843
372.184845,705
372.3510742,884
372.5173035,564
372.6835632,794
372.849762,711
373.0159912,584
373.1822205,632
373.3484192,652
373.5146179,639
373.6808167,735
373.8469849,778
374.0131836,698
374.1793518,762
374.34552,605
374.5116882,553
374.6778259,753
374.8439941,775
375.0101318,779
375.1762695,644
375.3424072,750
375.5085144,710
375.6746521,531
375.8407593,761
376.0068665,608
376.1729736,683
376.3390503,747
376.5051575,663
376.6712341,676
376.8373108,566
377.0033875,655
377.1694336,727
377.3354797,743
377.5015259,854
377.667572,753
377.8336182,817
377.9996643,703
378.1656799,799
378.3316956,671
378.4977112,726
378.6637268,666
378.8297119,773
378.995697,669
379.1616821,621
379.3276672,791
379.4936523,747
379.6596069,730
379.8255615,684
379.9915161,722
380.1574707,827
380.3234253,591
380.4893494,817
380.6552734,696
380.8211975,659
380.9871216,853
381.1530457,841
381.3189392,666
381.4848328,834
381.6507263,673
381.8166199,774
381.9825134,738
382.1483765,853
382.3142395,665
382.4801025,822
382.6459656,803
382.8117981,743
382.9776306,818
383.1434631,650
383.3092957,515
383.4751282,699
383.6409302,665
383.8067627,693
383.9725647,767
384.1383667,715
384.3041382,699
384.4699402,632
384.6357117,736
384.8014832,721
384.9672546,833
385.1329956,587
385.2987671,728
385.4645081,748
385.630249,748
385.7959595,684
385.9617004,651
386.1274109,692
386.2931519,666
386.4588318,662
386.6245422,680
386.7902527,697
386.9559326,600
387.1216125,801
387.2872925,595
387.4529724,746
387.6186218,644
387.7842712,682
387.9499207,650
388.1155701,751
388.2812195,683
388.4468384,762
388.6124573,697
388.7780762,719
388.9436951,781
389.109314,701
389.2749023,691
389.4404907,596
389.6060791,819
389.7716675,876
389.9372253,646
390.1028137,733
390.2683716,572
390.4339294,711
390.5994568,918
390.7650146,745
390.930542,802
391.0960693,674
391.2615967,725
391.427124,741
391.5926208,692
391.7581177,623
391.9236145,677
392.0891113,632
392.2546082,850
392.4200745,664
392.5855408,683
392.7510071,776
392.9164734,604
393.0819397,645
393.2473755,702
393.4128113,759
393.5782471,734
393.7436829,770
393.9090881,820
394.0744934,713
394.2399292,839
394.405304,529
394.5707092,697
394.736084,580
394.9014893,668
395.066864,787
395.2322083,586
395.397583,750
395.5629272,684
395.728302,732
395.8936462,697
396.05896,629
396.2243042,731
396.3896179,742
396.5549316,952
396.7202454,846
396.8855591,762
397.0508423,623
397.216156,835
397.3814392,692
397.5467224,831
397.7119751,715
397.8772583,665
398.042511,677
398.2077637,700
398.3730164,787
398.5382385,777
398.7034607,758
398.8687134,714
399.0339355,670
399.1991272,731
399.3643494,806
399.529541,943
399.6947327,669
399.8599243,675
400.025116,707
400.1902771,733
400.3554382,577
400.5205994,892
400.6857605,843
400.8509216,697
401.0160522,622
401.1811829,656
401.3463135,700
401.5114441,717
401.6765747,734
401.8416748,859
402.0067749,618
402.171875,688
402.3369751,662
402.5020447,669
402.6671143,667
402.8321838,785
402.9972534,688
403.162323,745
403.3273621,822
403.4924316,669
403.6574707,712
403.8224792,760
403.9875183,754
404.1525269,667
404.3175354,730
404.4825439,652
404.6475525,874
404.8125305,671
404.9775391,597
405.1425171,651
405.3074951,630
405.4724426,647
405.6374207,743
405.8023682,734
405.9673157,801
406.1322632,715
406.2971802,627
406.4621277,671
406.6270447,761
406.7919617,762
406.9568481,723
407.1217651,729
407.2866516,653
407.4515381,706
407.6164246,555
407.781311,687
407.946167,658
408.1110229,874
408.2758789,709
408.4407349,805
408.6055908,577
408.7704163,789
408.9352417,593
409.1000671,718
409.2648926,924
409.4296875,780
409.5944824,606
409.7592773,648
409.9240723,665
410.0888672,642
410.2536316,678
410.4184265,697
410.5831909,748
410.7479248,812
410.9126892,699
411.0774231,669
411.242157,730
411.4068909,618
411.5716248,680
411.7363281,633
411.901062,914
412.0657654,663
412.2304688,683
412.3951416,808
412.559845,660
412.7245178,703
412.8891907,725
413.053833,665
413.2185059,900
413.3831482,660
413.5477905,653
413.7124329,600
413.8770752,642
414.041687,636
414.2063293,686
414.3709412,634
414.535553,770
414.7001343,569
414.8647156,614
415.0293274,765
415.1939087,681
415.3584595,787
415.5230408,644
415.6875916,715
415.8521423,754
416.0166931,598
416.1812439,587
416.3457642,716
416.5102844,1001
416.6748047,669
416.839325,711
417.0038452,705
417.168335,636
417.3328247,744
417.4973145,686
417.6618042,645
417.8262634,846
417.9907227,684
418.1551819,554
418.3196411,855
418.4841003,696
418.6485291,783
418.8129578,708
418.9773865,677
419.1418152,817
419.3062439,822
419.4706421,853
419.6350403,714
419.7994385,752
419.9638367,694
420.1282043,683
420.292572,758
420.4569397,715
420.6213074,884
420.785675,621
420.9500122,739
421.1143494,783
421.2786865,689
421.4430237,950
421.6073303,698
421.771637,667
421.9359436,753
422.1002502,696
422.2645569,749
422.428833,711
422.5931091,717
422.7573853,606
422.9216614,714
423.085907,716
423.2501831,831
423.4144287,618
423.5786743,751
423.7428894,597
423.907135,782
424.0713501,785
424.2355652,659
424.3997803,791
424.5639648,664
424.7281494,647
424.892334,708
425.0565186,745
425.2207031,633
425.3848572,854
425.5490417,831
425.7131958,570
425.8773193,646
426.0414734,798
426.2055969,693
426.3697205,723
426.533844,773
426.6979675,765
426.8620605,813
427.0261841,704
427.1902771,735
427.3543701,798
427.5184326,792
427.6825256,714
427.8465881,722
428.0106506,813
428.1746826,729
428.3387451,840
428.5027771,803
428.6668091,753
428.8308411,646
428.9948425,706
429.1588745,718
429.322876,623
429.4868774,840
429.6508789,745
429.8148499,743
429.9788208,917
430.1428223,775
430.3067627,696
430.4707336,778
430.6346741,813
430.798645,686
430.9625854,747
431.1264954,680
431.2904358,797
431.4543457,716
431.6182556,897
431.7821655,715
431.9460754,698
432.1099548,778
432.2738342,792
432.4377136,902
432.601593,937
432.7654419,715
432.9293213,761
433.0931702,730
433.257019,827
433.4208374,612
433.5846863,809
433.7485046,914
433.912323,735
434.0761414,783
434.2399292,978
434.4037476,814
434.5675354,1057
434.7312927,773
434.8950806,867
435.0588684,911
435.2226257,929
435.3863831,1062
435.5501099,966
435.7138672,807
435.877594,1015
436.0413208,1028
436.2050476,1047
436.3687744,955
436.5324707,987
436.6961975,751
436.8598938,1048
437.0235596,1161
437.1872559,1103
437.3509216,1137
437.5145874,1019
437.6782532,1286
437.8419189,976
438.0055542,1193
438.1691895,1218
438.3328247,1319
438.49646,1125
438.6600952,1166
438.8237,1372
438.9873047,1105
439.1509094,1157
439.3145142,1354
439.4780884,1373
439.6416626,1226
439.8052368,1228
439.968811,1420
440.1323547,1391
440.295929,1320
440.4594727,1407
440.6230164,1386
440.7865295,1456
440.9500732,1361
441.1135864,1534
441.2770996,1589
441.4406128,1529
441.6040955,1702
441.7675781,1548
441.9310608,1467
442.0945435,1616
442.2580261,1564
442.4214783,1683
442.5849304,1672
442.7483826,1659
442.9118347,1774
443.0752869,1904
443.2387085,1779
443.4021301,1886
443.5655518,1833
443.7289429,2093
443.8923645,1976
444.0557556,2067
444.2191467,2261
444.3825073,2272
444.5458984,2370
444.709259,2280
444.8726196,2125
445.0359802,2360
445.1993408,2284
445.3626709,2393
445.526001,2506
445.6893311,2602
445.8526611,2600
446.0159607,2464
446.1792603,2496
446.3425598,2747
446.5058594,2589
446.6691589,2724
446.832428,2828
446.995697,2756
447.1589661,3101
447.3222351,3146
447.4854736,2966
447.6487122,2882
447.8119507,3124
447.9751892,2852
448.1384277,3393
448.3016357,3333
448.4648438,3417
448.6280518,3546
448.7912292,3372
448.9544373,3624
449.1176147,3710
449.2807922,3786
449.4439697,3961
449.6071167,3758
449.7702637,4022
449.9334106,4119
450.0965576,4273
450.2597046,4052
450.422821,4607
450.5859375,4213
450.749054,4677
450.9121704,4574
451.0752563,4750
451.2383728,4923
451.4014587,4730
451.5645142,4974
451.7276001,4747
451.8906555,5305
452.0537109,5145
452.2167664,5395
452.3798218,5565
452.5428467,5813
452.7059021,5844
452.868927,5802
453.0319214,5897
453.1949463,6000
453.3579407,6416
453.5209351,6258
453.6839294,6403
453.8469238,6762
454.0098877,6576
454.1728516,7000
454.3358154,6705
454.4987793,7293
454.6617126,7543
454.824646,7274
454.9875793,7384
455.1505127,7776
455.313446,7968
455.4763489,7835
455.6392517,7743
455.8021545,8236
455.9650574,8044
456.1279297,8332
456.290802,8699
456.4536743,9247
456.6165466,8824
456.7794189,9216
456.9422607,9074
457.1051025,9275
457.2679443,9035
457.4307556,9558
457.5935974,9686
457.7564087,9591
457.91922,9659
458.0820313,10253
458.244812,10331
458.4075928,9999
458.5703735,10581
458.7331543,10427
458.8959351,10830
459.0586853,10203
459.2214355,10815
459.3841858,10748
459.5469055,10719
459.7096558,11067
459.8723755,11287
460.0350952,11155
460.1978149,11364
460.3605042,11187
460.5231934,11337
460.6858826,11735
460.8485718,11567
461.011261,11316
461.1739197,11445
461.3365784,11072
461.4992371,11373
461.6618958,11895
461.8245239,11428
461.9871521,11200
462.1497803,11116
462.3124084,11176
462.4750366,11789
462.6376343,11158
462.8002319,11408
462.9628296,11678
463.1253967,11016
463.2879944,11404
463.4505615,11375
463.6131287,11208
463.7756653,10643
463.9382324,11312
464.100769,10618
464.2633057,10403
464.4258423,10444
464.5883484,10121
464.750885,10122
464.9133911,10175
465.0758972,10377
465.2383728,9838
465.4008789,9668
465.5633545,9861
465.7258301,9555
465.8882751,9424
466.0507507,9417
466.2131958,9346
466.3756409,9228
466.5380859,8943
466.7005005,8982
466.8629456,8852
467.0253601,8733
467.1877441,8596
467.3501587,8263
467.5125427,8335
467.6749573,8070
467.8373108,7968
467.9996948,8176
468.1620789,7707
468.3244324,7765
468.4867859,7607
468.6491394,7284
468.8114624,7392
468.9737854,7587
469.1361084,7420
469.2984314,7393
469.4607544,7264
469.6230469,7184
469.7853394,7049
469.9476318,7260
470.1099243,7034
470.2721863,6844
470.4344788,6852
470.5967407,6630
470.7589722,6634
470.9212341,6523
471.0834656,6234
471.245697,6394
471.4079285,6619
471.5701599,6459
471.7323608,6521
471.8945618,6249
472.0567627,6271
472.2189636,6195
472.381134,6093
472.5433044,6144
472.7054749,6092
472.8676453,6093
473.0297852,6215
473.1919556,6084
473.3540955,5788
473.5162354,5844
473.6783447,5714
473.8404541,5745
474.002594,6044
474.1646729,5544
474.3267822,5658
474.4888611,5583
474.6509705,5484
474.8130493,5464
474.9750977,5272
475.1371765,5401
475.2992249,5235
475.4612732,5582
475.6233215,5212
475.7853394,5130
475.9473877,5120
476.1094055,5167
476.2714233,4927
476.4334106,4968
476.5953979,4939
476.7574158,4876
476.9194031,5065
477.0813599,4823
477.2433472,4710
477.405304,4741
477.5672607,4724
477.7292175,4602
477.8911438,4547
478.0530701,4599
478.2149963,4536
478.3769226,4414
478.5388489,4343
478.7007446,4373
478.8626404,4251
479.0245361,4346
479.1864319,4337
479.3482971,4229
479.5101624,3922
479.6720276,3899
479.8338928,3885
479.9957275,3884
480.1575928,3988
480.3194275,3875
480.4812317,3917
480.6430664,3748
480.8048706,3882
480.9666748,3768
481.128479,3699
481.2902832,3604
481.4520569,3546
481.6138306,3615
481.7756042,3502
481.9373779,3329
482.0991211,3336
482.2608643,3393
482.4226074,3173
482.5843506,3377
482.7460632,3204
482.9078064,3174
483.069519,2992
483.2312012,3030
483.3929138,2936
483.5545959,3046
483.7162781,2703
483.8779602,2730
484.0396423,2913
484.2012939,2672
484.3629456,2641
484.5245972,2725
484.6862488,2771
484.8478699,2650
485.009491,2638
485.1711121,2436
485.3327332,2506
485.4943237,2627
485.6559448,2619
485.8175354,2427
485.9790955,2476
486.140686,2405
486.3022461,2293
486.4638062,2535
486.6253662,2157
486.7869263,2314
486.9484558,2258
487.1099854,2330
487.2715149,2385
487.4330444,2254
487.5945435,2051
487.7560425,2051
487.9175415,2143
488.0790405,2076
488.240509,2095
488.4019775,1931
488.563446,2031
488.7249146,1991
488.8863831,1792
489.047821,1885
489.209259,2023
489.370697,1881
489.5321045,2007
489.6935425,1850
489.85495,1818
490.0163574,1879
490.1777344,1992
490.3391418,1815
490.5005188,1729
490.6618958,1755
490.8232422,1655
490.9846191,1628
491.1459656,1701
491.307312,1730
491.4686584,1633
491.6299744,1667
491.7912903,1784
491.9526062,1568
492.1139221,1539
492.275238,1696
492.4365234,1643
492.5978088,1650
492.7590942,1612
492.9203491,1433
493.0816345,1658
493.2428894,1633
493.4041443,1683
493.5653687,1648
493.7266235,1586
493.8878479,1413
494.0490723,1534
494.2102661,1475
494.3714905,1432
494.5326843,1569
494.6938782,1562
494.855072,1373
495.0162354,1465
495.1773987,1594
495.338562,1378
495.4997253,1565
495.6608887,1552
495.8220215,1396
495.9831543,1507
496.1442871,1373
496.3053894,1312
496.4665222,1406
496.6276245,1232
496.7886963,1385
496.9497986,1466
497.1108704,1458
497.2719727,1259
497.4330139,1202
497.5940857,1442
497.7551575,1297
497.9161987,1281
498.07724,1271
498.2382507,1293
498.399292,1273
498.5603027,1304
498.7213135,1292
498.8823242,1431
499.0433044,1204
499.2042847,1146
499.3652649,1314
499.5262451,1294
499.6872253,1181
499.848175,1172
500.0091248,1165
500.1700745,1229
500.3310242,1245
500.4919434,1296
500.6528625,1074
500.8137817,1270
500.9746704,1236
501.1355896,1248
501.2964783,1050
501.4573669,1227
501.6182556,1277
501.7791138,1204
501.9399719,1120
502.1008301,1071
502.2616882,1113
502.4225159,1266
502.5833435,1168
502.7441711,1094
502.9049988,1225
503.0658264,974
503.2266235,1263
503.3874207,1226
503.5482178,1127
503.7089844,1292
503.869751,1089
504.0305481,1245
504.1912842,1211
504.3520508,1263
504.5127869,1236
504.6735229,1134
504.834259,1092
504.9949951,1091
505.1557007,1293
505.3164063,1306
505.4771118,1071
505.6378174,1234
505.7984924,1237
505.9591675,1218
506.1198425,1335
506.2805176,1123
506.4411621,1155
506.6018066,1218
506.7624512,1189
506.9230957,1103
507.0837402,1109
507.2443542,1179
507.4049683,1143
507.5655518,1210
507.7261658,1079
507.8867493,1102
508.0473328,1097
508.2079163,1321
508.3684692,1095
508.5290527,1167
508.6896057,1215
508.8501587,1178
509.0106812,968
509.1712036,1059
509.3317566,1231
509.4922485,1289
509.652771,1169
509.8132629,1138
509.9737549,1077
510.1342468,1161
510.2947388,1158
510.4552002,1184
510.6156616,1091
510.776123,1242
510.9365845,1208
511.0970154,1171
511.2574463,1140
511.4178772,1177
511.5783081,1155
511.7387085,1114
511.8991394,1165
512.0595093,1266
512.2199097,1270
512.3803101,1285
512.5406494,1199
512.7010498,1248
512.8613892,1317
513.0217285,1093
513.1821289,1166
513.3424683,1321
513.5027466,1140
513.6630859,1208
513.8234253,1340
513.9837036,1321
514.144043,1258
514.3043213,1184
514.4645996,1212
514.6248779,1368
514.7851563,1146
514.9454346,1305
515.1056519,1232
515.2659302,1130
515.4261475,1232
515.5864258,1249
515.7466431,1204
515.9068604,1248
516.0670776,1325
516.2272949,1254
516.3874512,1104
516.5476685,1178
516.7078247,1214
516.868042,1284
517.0281982,1077
517.1883545,1326
517.3485107,1389
517.508667,1245
517.6687622,1234
517.8289185,984
517.9890137,1261
518.1491699,1026
518.3092651,1230
518.4693604,1205
518.6294556,1068
518.7895508,1084
518.949585,1165
519.1096802,1049
519.2697754,1166
519.4298096,1288
519.5898438,1176
519.7498779,1082
519.9099121,1140
520.0699463,1143
520.2299805,1116
520.3899536,1128
520.5499878,871
520.7099609,1024
520.8699951,1057
521.0299683,1060
521.1899414,1048
521.3498535,1193
521.5098267,1056
521.6697998,1060
521.8297119,1066
521.9896851,1052
522.1495972,1146
522.3095093,1130
522.4694214,1268
522.6293335,1185
522.7892456,1102
522.9490967,1157
523.1090088,1065
523.2688599,1044
523.428772,960
523.588623,947
523.7484741,1082
523.9083252,1116
524.0681763,972
524.2279663,1044
524.3878174,1125
524.5476074,1111
524.7073975,1124
524.8672485,1000
525.0270386,1048
525.1868286,1068
525.3465576,971
525.5063477,1020
525.6661377,1042
525.8258667,1076
525.9855957,996
526.1453247,1063
526.3050537,1092
526.4647827,985
526.6245117,1172
526.7842407,998
526.9439087,997
527.1036377,858
527.2633057,1126
527.4229736,968
527.5826416,1055
527.7423096,986
527.9019775,973
528.0616455,1011
528.2212524,1148
528.3809204,1001
528.5405273,1051
528.7001343,764
528.8597412,963
529.0193481,976
529.1789551,930
529.338562,1051
529.4981689,1164
529.6577148,1029
529.8172607,1064
529.9768066,1109
530.1364136,919
530.2959595,910
530.4554443,1020
530.6149902,1010
530.7745361,860
530.934021,873
531.0935059,889
531.2530518,1040
531.4125366,877
531.5720215,992
531.7315063,1130
531.8909302,872
532.050415,924
532.2098389,932
532.3693237,1050
532.5287476,919
532.6881714,794
532.8475952,764
533.007019,888
533.1663818,735
533.3258057,1007
533.4851685,929
533.6445923,902
533.8039551,898
533.9633179,929
534.1226807,861
534.2820435,1046
534.4414063,809
534.600708,775
534.7600708,788
534.9193726,1016
535.0786743,857
535.2379761,822
535.3972778,801
535.5565796,840
535.7158813,870
535.8751221,830
536.0344238,811
536.1936646,742
536.3529053,838
536.512207,927
536.6714478,817
536.8306274,819
536.9898682,829
537.1491089,785
537.3082886,857
537.4674683,916
537.626709,679
537.7858887,876
537.9450684,836
538.104248,894
538.2633667,890
538.4225464,809
538.581665,834
538.7408447,982
538.8999634,741
539.059082,797
539.2182007,700
539.3773193,823
539.536377,687
539.6954956,824
539.8546143,816
540.0136719,780
540.1727295,815
540.3317871,749
540.4908447,798
540.6499023,800
540.80896,862
540.9679565,857
541.1270142,702
541.2860107,853
541.4450073,892
541.6040039,993
541.7630005,822
541.9219971,657
542.0809937,628
542.2399292,708
542.3989258,864
542.5578613,903
542.7167969,798
542.8757324,798
543.034668,790
543.1936035,656
543.3525391,843
543.5114136,759
543.6703491,835
543.8292236,737
543.9880981,690
544.1469727,751
544.3058472,751
544.4647217,643
544.6235962,754
544.7824097,827
544.9412842,693
545.1000977,675
545.2589111,851
545.4177246,781
545.5765381,625
545.7353516,766
545.894165,713
546.0529175,715
546.211731,878
546.3704834,946
546.5292358,881
546.6879883,834
546.8467407,633
547.0054932,793
547.1641846,907
547.322937,742
547.4816284,793
547.6403809,900
547.7990723,938
547.9577637,597
548.1164551,749
548.2751465,872
548.4337769,854
548.5924683,637
548.7510986,824
548.909729,836
549.0684204,914
549.2270508,729
549.3856201,756
549.5442505,786
549.7028809,768
549.8614502,779
550.0200806,818
550.1786499,748
550.3372192,847
550.4957886,648
550.6543579,765
550.8129272,719
550.9714355,688
551.1300049,803
551.2885132,748
551.4470215,680
551.6055298,645
551.7640381,866
551.9225464,655
552.0810547,784
552.239563,808
552.3980103,750
552.5564575,671
552.7149658,633
552.8734131,800
553.0318604,636
553.1902466,705
553.3486938,855
553.5071411,704
553.6655273,880
553.8239746,800
553.9823608,682
554.1407471,649
554.2991333,660
554.4575195,748
554.6158447,882
554.774231,711
554.9325562,672
555.0908813,714
555.2492676,614
555.4075928,711
555.565918,949
555.7241821,838
555.8825073,845
556.0408325,711
556.1990967,777
556.3573608,690
556.515625,595
556.6738892,824
556.8321533,703
556.9904175,604
557.1486816,685
557.3068848,659
557.4651489,758
557.6233521,737
557.7815552,700
557.9397583,646
558.0979614,643
558.2561646,651
558.4143066,732
558.5725098,800
558.7306519,789
558.8887939,839
559.046936,779
559.2050781,744
559.3632202,646
559.5213623,674
559.6794434,703
559.8375854,895
559.9956665,704
560.1537476,801
560.3118896,757
560.4699097,795
560.6279907,801
560.7860718,768
560.9441528,626
561.1021729,700
561.2601929,663
561.4182129,680
561.5762329,646
561.7342529,699
561.8922729,850
562.050293,795
562.208252,782
562.366272,707
562.524231,631
562.6821899,685
562.8401489,745
562.9981079,781
563.1560669,631
563.3139648,785
563.4719238,734
563.6298218,746
563.7877808,834
563.9456787,679
564.1035767,732
564.2614136,721
564.4193115,645
564.5772095,741
564.7350464,671
564.8929443,710
565.0507813,682
565.2086182,640
565.3664551,742
565.524292,737
565.6820679,861
565.8399048,625
565.9976807,660
566.1555176,919
566.3132935,650
566.4710693,698
566.6288452,658
566.7866211,636
566.9443359,751
567.1021118,797
567.2598267,795
567.4175415,581
567.5753174,742
567.7330322,851
567.890686,714
568.0484009,645
568.2061157,702
568.3637695,731
568.5214844,691
568.6791382,807
568.836792,680
568.9944458,755
569.1520996,761
569.3096924,827
569.4673462,773
569.625,838
569.7825928,695
569.9401855,706
570.0977783,685
570.2553711,762
570.4129639,637
570.5704956,727
570.7280884,675
570.8856201,786
571.0432129,699
571.2007446,692
571.3582764,667
571.5158081,667
571.6733398,597
571.8308105,717
571.9883423,754
572.145813,713
572.3032837,815
572.4607544,652
572.6182251,718
572.7756958,631
572.9331665,706
573.0906372,651
573.2480469,788
573.4054565,887
573.5629272,815
573.7203369,693
573.8777466,719
574.0350952,686
574.1925049,825
574.3499146,751
574.5072632,752
574.6646118,755
574.8219604,593
574.9793091,672
575.1366577,801
575.2940063,806
575.451355,605
575.6086426,956
575.7659912,646
575.9232788,738
576.0805664,683
576.237854,856
576.3951416,878
576.5523682,609
576.7096558,751
576.8669434,585
577.0241699,712
577.1813965,1165
577.338623,612
577.4958496,673
577.6530762,640
577.8103027,676
577.9674683,646
578.1246338,750
578.2818604,726
578.4390259,748
578.5961914,722
578.7533569,691
578.9105225,681
579.067627,621
579.2247925,676
579.381897,751
579.5390015,747
579.696106,954
579.8532104,764
580.0103149,694
580.1674194,747
580.3244629,831
580.4815674,653
580.6386108,582
580.7956543,673
580.9526978,761
581.1097412,757
581.2667847,660
581.4238281,783
581.5808105,622
581.737854,678
581.8948364,726
582.0518188,688
582.2088013,581
582.3657837,861
582.5227661,815
582.6796875,667
582.8366699,818
582.9935913,774
583.1505127,710
583.3074341,731
583.4643555,805
583.6212769,737
583.7781982,759
583.9350586,819
584.09198,689
584.2488403,682
584.4057007,708
584.562561,607
584.7194214,733
584.8762817,678
585.0330811,839
585.1899414,778
585.3467407,693
585.50354,778
585.6604004,607
585.8171387,579
585.973938,619
586.1307373,594
586.2875366,787
586.4442749,613
586.6010132,625
586.7577515,589
586.9144897,671
587.071228,711
587.2279663,772
587.3847046,626
587.5413818,676
587.6981201,681
587.8547974,763
588.0114746,678
588.1681519,859
588.3248291,662
588.4815063,664
588.6381226,735
588.7947998,659
588.951416,673
589.1080322,765
589.2646484,650
589.4212646,673
589.5778809,557
589.734436,720
589.8910522,774
590.0476074,715
590.2042236,634
590.3607788,670
590.517334,690
590.6738892,665
590.8303833,645
590.9869385,795
591.1434326,649
591.2999878,697
591.4564819,642
591.6129761,606
591.7694702,673
591.9259644,638
592.0823975,804
592.2388916,657
592.3953247,653
592.5517578,758
592.708252,685
592.8646851,748
593.0210571,956
593.1774902,674
593.3339233,699
593.4902954,810
593.6467285,598
593.8031006,660
593.9594727,773
594.1158447,703
594.2721558,719
594.4285278,865
594.5848999,720
594.7412109,624
594.897522,809
595.053833,659
595.210144,660
595.3664551,708
595.5227661,802
595.6790771,800
595.8353271,779
595.9915771,526
596.1478882,668
596.3041382,689
596.4603882,710
596.6165771,679
596.7728271,763
596.9290161,674
597.0852661,716
597.2414551,635
597.397644,695
597.553833,693
597.710022,743
597.8662109,632
598.0223389,707
598.1785278,583
598.3346558,640
598.4907837,675
598.6469116,652
598.8030396,733
598.9591675,793
599.1152954,660
599.2713623,707
599.4274902,704
599.5835571,520
599.739624,586
599.8956909,688
600.0517578,715
600.2078247,598
600.3638306,652
600.5198975,683
600.6759033,752
600.8319092,760
600.987915,769
601.1439209,732
601.2999268,795
601.4558716,766
601.6118774,844
601.7678223,640
601.9237671,672
602.0797729,711
602.2356567,545
602.3916016,554
602.5475464,684
602.7034912,698
602.859375,785
603.0152588,744
603.1711426,665
603.3270264,768
603.4829102,547
603.6387939,596
603.7946777,712
603.9505005,692
604.1063843,750
604.262207,645
604.4180298,838
604.5738525,748
604.7296753,726
604.885437,639
605.0412598,732
605.1970215,675
605.3527832,598
605.508606,651
605.6643677,725
605.8200684,686
605.9758301,567
606.1315918,859
606.2872925,671
606.4429932,644
606.5987549,615
606.7544556,813
606.9101563,659
607.0657959,645
607.2214966,684
607.3771973,711
607.5328369,682
607.6884766,669
607.8441162,682
607.9997559,706
608.1553955,739
608.3110352,685
608.4666138,764
608.6222534,941
608.777832,777
608.9334106,651
609.0889893,802
609.2445679,620
609.4001465,628
609.5556641,802
609.7112427,605
609.8667603,623
610.0223389,768
610.1778564,670
610.333374,639
610.4888306,590
610.6443481,697
610.7998657,596
610.9553223,703
611.1107788,749
611.2662354,685
611.4216919,724
611.5771484,686
611.732605,623
611.8880005,786
612.043457,606
612.1988525,640
612.354248,703
612.5096436,823
612.6650391,597
612.8204346,687
612.9758301,720
613.1311646,661
613.286499,715
613.4418945,742
613.597229,615
613.7525635,700
613.9078979,690
614.0631714,631
614.2185059,583
614.3737793,717
614.5290527,744
614.6843872,697
614.8396606,835
614.994873,687
615.1501465,714
615.3054199,666
615.4606323,716
615.6158447,679
615.7711182,705
615.9263306,805
616.081543,721
616.2366943,628
616.3919067,611
616.5470581,656
616.7022705,608
616.8574219,694
617.0125732,598
617.1677246,779
617.322876,564
617.4780273,584
617.6331177,663
617.788208,643
617.9433594,667
618.0984497,730
618.25354,658
618.4086304,743
618.5636597,631
618.71875,545
618.8737793,731
619.0288696,741
619.1838989,827
619.3389282,809
619.4939575,634
619.6489868,545
619.8039551,694
619.9589844,677
620.1139526,656
620.2689209,673
620.4238892,618
620.5788574,699
620.7338257,670
620.8887939,642
621.0437012,620
621.1986694,671
621.3535767,743
621.5084839,553
621.6633911,697
621.8182983,656
621.9731445,645
622.1280518,575
622.2828979,600
622.4378052,518
622.5926514,658
622.7474976,662
622.9023438,675
623.0571289,702
623.2119751,671
623.3667603,619
623.5216064,633
623.6763916,647
623.8311768,603
623.9859619,683
624.1407471,635
624.2954712,708
624.4502563,747
624.6049805,677
624.7597046,861
624.9144287,637
625.0691528,690
625.223877,511
625.3786011,744
625.5332642,746
625.6879883,620
625.8426514,671
625.9973145,805
626.1519775,766
626.3066406,785
626.4613037,772
626.6159058,617
626.7705688,728
626.9251709,699
627.0797729,740
627.234375,820
627.3889771,678
627.5435791,668
627.6981201,523
627.8527222,868
628.0072632,742
628.1618042,745
628.3163452,786
628.4708862,623
628.6254272,686
628.7799683,705
628.9344482,612
629.0889893,711
629.2434692,779
629.3979492,631
629.5524292,690
629.7069092,830
629.8613281,617
630.0158081,659
630.1702271,721
630.324646,483
630.4790649,761
630.6334839,724
630.7879028,749
630.9423218,624
631.0967407,623
631.2510986,650
631.4054565,646
631.5598145,734
631.7141724,566
631.8685303,773
632.0228882,627
632.1771851,723
632.331543,891
632.4858398,725
632.6401367,538
632.7944336,747
632.9487305,653
633.1030273,677
633.2573242,606
633.4115601,833
633.5657959,683
633.7200928,654
633.8743286,738
634.0285645,709
634.1827393,594
634.3369751,697
634.4912109,611
634.6453857,807
634.7995605,566
634.9537354,629
635.1079102,660
635.262085,727
635.4162598,645
635.5703735,649
635.7244873,802
635.8786621,570
636.0327759,665
636.1868896,728
636.3410034,656
636.4950562,711
636.6491699,809
636.8032227,664
636.9572754,630
637.1113892,664
637.2654419,727
637.4194336,746
637.5734863,700
637.7275391,735
637.8815308,770
638.0355225,821
638.1895752,819
638.3435669,790
638.4974976,619
638.6514893,793
638.805481,664
638.9594116,729
639.1134033,805
639.267334,743
639.4212646,600
639.5751953,658
639.7290649,674
639.8829956,782
640.0368652,697
640.1907959,716
640.3446655,693
640.4985352,661
640.6524048,631
640.8062744,620
640.960083,728
641.1139526,744
641.2677612,640
641.4215698,837
641.5753784,684
641.729187,632
641.8829956,586
642.0368042,654
642.1905518,666
642.3443604,770
642.4981079,792
642.6518555,675
642.805603,677
642.9593506,675
643.1130371,653
643.2667847,646
643.4204712,703
643.5742188,562
643.7279053,659
643.8815918,740
644.0352173,707
644.1889038,701
644.3425903,713
644.4962158,735
644.6498413,704
644.8034668,765
644.9570923,624
645.1107178,676
645.2643433,659
645.4179077,882
645.5715332,706
645.7250977,744
645.8786621,762
646.0322266,773
646.185791,675
646.3393555,751
646.4928589,794
646.6464233,859
646.7999268,596
646.9534302,819
647.1069336,705
647.260437,631
647.4139404,789
647.5673828,762
647.7208862,589
647.8743286,732
648.027771,649
648.1812134,584
648.3346558,783
648.4880981,728
648.6415405,642
648.7949219,662
648.9483032,718
649.1016846,639
649.2550659,828
649.4084473,619
649.5618286,739
649.71521,725
649.8685303,599
650.0219116,636
650.1752319,835
650.3285522,617
650.4818726,702
650.6351318,707
650.7884521,642
650.9417114,659
651.0950317,606
651.248291,649
651.4015503,599
651.5548096,625
651.7080688,899
651.8612671,733
652.0145264,730
652.1677246,657
652.3209229,734
652.4741211,649
652.6273193,654
652.7805176,729
652.9337158,624
653.086853,801
653.2400513,664
653.3931885,675
653.5463257,838
653.6994629,798
653.8525391,746
654.0056763,792
654.1588135,515
654.3118896,761
654.4649658,685
654.618042,735
654.7711182,684
654.9241943,707
655.0772705,662
655.2302856,722
655.3833008,607
655.536377,742
655.6893921,583
655.8424072,659
655.9953613,855
656.1483765,787
656.3013916,689
656.4543457,683
656.6072998,701
656.7602539,667
656.913208,639
657.0661621,722
657.2191162,617
657.3720093,610
657.5249023,669
657.6778564,711
657.8307495,765
657.9836426,604
658.1364746,749
658.2893677,698
658.4422607,633
658.5950928,534
658.7479248,908
658.9007568,632
659.0535889,637
659.2064209,808
659.3592529,725
659.5120239,712
659.664856,702
659.817627,588
659.9703979,674
660.1231689,634
660.2759399,500
660.4286499,811
660.5814209,722
660.7341309,621
660.8868408,655
661.0395508,658
661.1922607,767
661.3449707,721
661.4976807,698
661.6503296,571
661.8030396,809
661.9556885,675
662.1083374,610
662.2609863,789
662.4136353,587
662.5662231,664
662.7188721,609
662.87146,833
663.0240479,754
663.1766357,525
663.3292236,750
663.4818115,724
663.6343994,628
663.7869263,773
663.9395142,624
664.092041,677
664.2445679,772
664.3970947,752
664.5496216,822
664.7020874,782
664.8546143,752
665.0070801,616
665.1595459,544
665.3120117,581
665.4644775,725
665.6169434,696
665.7694092,640
665.921814,682
666.0742188,652
666.2266846,750
666.3790894,582
666.5314941,644
666.6838379,587
666.8362427,794
666.9885864,693
667.1409912,611
667.293335,736
667.4456787,689
667.5980225,709
667.7503662,628
667.9026489,687
668.0549927,562
668.2072754,680
668.3595581,710
668.5118408,846
668.6641235,721
668.8164063,685
668.968689,672
669.1209106,601
669.2731323,699
669.425354,744
669.5776367,546
669.7297974,804
669.882019,760
670.0342407,653
670.1864014,708
670.338562,801
670.4907837,588
670.6429443,714
670.795105,560
670.9472046,794
671.0993652,640
671.2514648,578
671.4036255,647
671.5557251,704
671.7078247,545
671.8599243,580
672.0119629,917
672.1640625,663
672.3161011,638
672.4682007,768
672.6202393,762
672.7722778,872
672.9243164,559
673.0762939,579
673.2283325,804
673.3803101,671
673.5322876,648
673.6843262,709
673.8363037,721
673.9882202,694
674.1401978,721
674.2921753,598
674.4440918,670
674.5960083,634
674.7479248,681
674.8998413,768
675.0517578,915
675.2036743,671
675.3555298,677
675.5074463,554
675.6593018,826
675.8111572,737
675.9630127,577
676.1148682,558
676.2666626,651
676.4185181,581
676.5703125,596
676.722168,580
676.8739624,799
677.0257568,641
677.1774902,598
677.3292847,686
677.4810181,652
677.6328125,607
677.7845459,576
677.9362793,639
678.0880127,827
678.2397461,578
678.3914185,805
678.5431519,570
678.6948242,721
678.8464966,577
678.9981689,697
679.1498413,644
679.3015137,715
679.453186,672
679.6047974,602
679.7564087,632
679.90802,734
680.0596313,699
680.2112427,738
680.362854,633
680.5144653,582
680.6660156,581
680.8175659,553
680.9691162,753
681.1206665,742
681.2722168,727
681.4237671,784
681.5753174,810
681.7268066,738
681.8782959,737
682.0297852,823
682.1812744,636
682.3327637,747
682.4842529,853
682.6356812,622
682.7871704,657
682.9385986,606
683.0900269,639
683.2414551,554
683.3928833,677
683.5442505,798
683.6956787,663
683.8470459,705
683.9984131,667
684.1498413,636
684.3011475,691
684.4525146,659
684.6038818,750
684.755188,665
684.9065552,696
685.0578613,697
685.2091675,641
685.3604736,701
685.5117188,574
685.6630249,614
685.8143311,630
685.9655762,666
686.1168213,658
686.2680664,599
686.4193115,649
686.5705566,751
686.7217407,647
686.8729858,645
687.0241699,621
687.175354,640
687.3265381,585
687.4777222,567
687.6288452,614
687.7800293,656
687.9311523,774
688.0823364,626
688.2334595,807
688.3845825,691
688.5357056,768
688.6867676,701
688.8378906,599
688.9889526,687
689.1400146,619
689.2910767,756
689.4421387,568
689.5932007,677
689.7442627,775
689.8952637,753
690.0462646,732
690.1973267,744
690.3483276,666
690.4993286,659
690.6502686,668
690.8012695,774
690.9522095,630
691.1032104,657
691.2541504,573
691.4050903,764
691.5560303,675
691.7069092,633
691.8578491,658
692.008728,858
692.159668,588
692.3105469,587
692.4614258,710
692.6123047,739
692.7631226,647
692.9140015,646
693.0648193,695
693.2156372,557
693.3664551,733
693.5172729,615
693.6680908,639
693.8189087,747
693.9696655,776
694.1204834,608
694.2712402,641
694.4219971,741
694.5727539,707
694.7235107,682
694.8742065,542
695.0249634,564
695.1756592,690
695.326355,757
695.4770508,541
695.6277466,653
695.7784424,620
695.9290771,651
696.0797729,596
696.2304077,620
696.3810425,616
696.5316772,694
696.682312,611
696.8328857,640
696.9835205,618
697.1340942,634
697.284729,555
697.4353027,587
697.5858765,750
697.7363892,681
697.8869629,643
698.0375366,619
698.1880493,851
698.338562,635
698.4890747,748
698.6395874,655
698.7901001,649
698.9405518,675
699.0910645,705
699.2415161,618
699.3919678,701
699.5424194,568
699.6928711,623
699.8433228,650
699.9937134,767
700.144165,580
700.2945557,604
700.4449463,637
700.5953369,571
700.7457275,581
700.8961182,652
701.0464478,570
701.1967773,696
701.347168,617
701.4974976,766
701.6478271,720
701.7980957,659
701.9484253,612
702.0986938,678
702.2490234,739
702.399292,614
702.5495605,619
702.6998291,698
702.8500977,681
703.0003052,529
703.1505737,575
703.3007813,631
703.4509888,699
703.6011963,638
703.7514038,590
703.9015503,727
704.0517578,733
704.2019043,561
704.3521118,637
704.5022583,689
704.6524048,637
704.8024902,640
704.9526367,540
705.1027222,598
705.2528687,810
705.4029541,638
705.5530396,556
705.703125,594
705.8532104,673
706.0032349,549
706.1533203,743
706.3033447,774
706.4533691,717
706.6033936,646
706.753418,702
706.9033813,649
707.0534058,597
707.2033691,724
707.3533936,679
707.5033569,507
707.6533203,662
707.8032227,660
707.953186,720
708.1031494,777
708.2530518,545
708.4029541,547
708.5528564,650
708.7027588,794
708.8526611,722
709.0025024,628
709.1524048,575
709.3022461,533
709.4520874,669
709.6019287,699
709.75177,556
709.9016113,657
710.0513916,600
710.2011719,712
710.3510132,607
710.5007935,734
710.6505737,622
710.800293,606
710.9500732,658
711.0998535,579
711.2495728,667
711.399292,823
711.5490112,677
711.6987305,835
711.8484497,687
711.9981079,687
712.1478271,693
712.2974854,750
712.4471436,765
712.5968018,683
712.74646,625
712.8961182,616
713.0457153,745
713.1953125,708
713.3449707,699
713.4945679,660
713.644165,754
713.7937012,646
713.9432983,778
714.0928345,645
714.2424316,636
714.3919678,685
714.5415039,777
714.69104,697
714.8405151,622
714.9900513,664
715.1395264,588
715.2890625,662
715.4385376,818
715.5880127,593
715.7374268,666
715.8869019,578
716.036377,779
716.185791,661
716.3352051,674
716.4846191,545
716.6340332,591
716.7834473,725
716.9328003,686
717.0822144,937
717.2315674,786
717.3809204,687
717.5302734,710
717.6796265,639
717.8289795,684
717.9782715,677
718.1276245,695
718.2769165,593
718.4262085,561
718.5755005,668
718.7247925,750
718.8740234,709
719.0233154,560
719.1725464,508
719.3217773,586
719.4710083,687
719.6202393,620
719.7694702,594
719.9186401,646
720.0678711,731
720.217041,675
720.3662109,662
720.5153809,739
720.6645508,653
720.8136597,543
720.9628296,617
721.1119385,659
721.2610474,615
721.4101563,724
721.5592651,729
721.708374,796
721.8574829,583
722.0065308,615
722.1555786,612
722.3046265,684
722.4536743,626
722.6027222,643
722.75177,611
722.9007568,596
723.0498047,660
723.1987915,741
723.3477783,751
723.4967651,645
723.645752,696
723.7946777,664
723.9436646,690
724.0925903,605
724.2415161,818
724.3904419,658
724.5393677,708
724.6882935,821
724.8371582,706
724.9860229,867
725.1349487,671
725.2838135,618
725.4326782,608
725.5814819,799
725.7303467,745
725.8791504,567
726.0280151,751
726.1768188,726
726.3256226,799
726.4744263,678
726.6231689,711
726.7719727,705
726.9207153,749
727.069519,603
727.2182617,651
727.3670044,649
727.515686,726
727.6644287,540
727.8131104,709
727.961853,727
728.1105347,620
728.2592163,591
728.4078979,582
728.5565796,644
728.7052002,739
728.8538208,676
729.0025024,727
729.151123,867
729.2997437,684
729.4483643,735
729.5969238,636
729.7455444,637
729.894104,693
730.0426636,582
730.1912231,687
730.3397827,772
730.4883423,658
730.6368408,692
730.7854004,589
730.9338989,683
731.0823975,736
731.230896,725
731.3793945,812
731.527832,826
731.6763306,641
731.8247681,580
731.9732056,684
732.1216431,614
732.2700806,803
732.4185181,804
732.5669556,684
732.715332,816
732.8637085,611
733.012085,617
733.1604614,750
733.3088379,654
733.4572144,670
733.6055298,589
733.7538452,780
733.9022217,679
734.0505371,661
734.1988525,645
734.3471069,652
734.4954224,760
734.6436768,731
734.7919312,698
734.9402466,600
735.0884399,576
735.2366943,706
735.3849487,591
735.5331421,435
735.6813965,736
735.8295898,674
735.9777832,559
736.1259766,607
736.2741089,533
736.4223022,698
736.5704346,577
736.7186279,663
736.8667603,663
737.0148926,674
737.1629639,681
737.3110962,648
737.4592285,769
737.6072998,983
737.7553711,669
737.9034424,694
738.0515137,642
738.199585,616
738.3475952,631
738.4956055,628
738.6436768,647
738.791687,679
738.9396973,658
739.0876465,581
739.2356567,700
739.383667,635
739.5316162,679
739.6795654,645
739.8275146,610
739.9754639,690
740.1234131,637
740.2713013,587
740.4191895,726
740.5671387,679
740.7150269,647
740.862915,654
741.0107422,657
741.1586304,803
741.3064575,577
741.4543457,825
741.6021729,701
741.75,742
741.8978271,655
742.0455933,792
742.1934204,906
742.3411865,694
742.4889526,615
742.6367188,725
742.7844849,646
742.932251,701
743.0800171,541
743.2277222,609
743.3754272,776
743.5231323,669
743.6708374,696
743.8185425,714
743.9662476,628
744.1138916,652
744.2615967,818
744.4092407,632
744.5568848,759
744.7045288,640
744.8521118,606
744.9997559,719
745.1473389,534
745.2949829,733
745.4425659,852
745.5901489,669
745.7377319,743
745.8852539,783
746.0328369,708
746.1803589,634
746.3278809,664
746.4754028,679
746.6229248,717
746.7704468,628
746.9179077,645
747.0654297,618
747.2128906,545
747.3603516,620
747.5078125,648
747.6552124,744
747.8026733,699
747.9500732,486
748.0975342,694
748.2449341,680
748.392334,626
748.5397339,751
748.6870728,795
748.8344727,567
748.9818115,658
749.1291504,675
749.2764893,657
749.4238281,617
749.571167,743
749.7185059,711
749.8657837,635
750.0130615,652
750.1603394,610
750.3076172,587
750.454895,609
750.6021729,617
750.7493896,650
750.8966064,741
751.0438843,731
751.1911011,646
751.3382568,542
751.4854736,755
751.6326904,900
751.7798462,661
751.927002,663
752.0741577,597
752.2213135,745
752.3684692,684
752.515625,650
752.6627197,747
752.8098145,640
752.9569092,710
753.1040039,622
753.2510986,579
753.3981934,645
753.5452271,680
753.6923218,661
753.8393555,639
753.9863892,601
754.1334229,676
754.2803955,542
754.4274292,680
754.5744019,703
754.7214355,580
754.8684082,850
755.0153809,691
755.1622925,724
755.3092651,653
755.4561768,816
755.6031494,611
755.750061,723
755.8969727,742
756.0438843,728
756.1907349,648
756.3376465,713
756.4844971,539
756.6313477,767
756.7781982,726
756.9250488,814
757.0718994,626
757.218689,637
757.3655396,701
757.5123291,593
757.6591187,585
757.8059082,495
757.9526978,718
758.0994263,714
758.2462158,780
758.3929443,528
758.5396729,679
758.6864014,727
758.8331299,639
758.9798584,754
759.1265259,758
759.2732544,691
759.4199219,627
759.5665894,535
759.7132568,739
759.8598633,683
760.0065308,643
760.1531372,565
760.2998047,653
760.4464111,743
760.5930176,791
760.739563,659
760.8861694,680
761.0327759,846
761.1793213,707
761.3258667,583
761.4724121,623
761.6189575,610
761.7654419,637
761.9119873,647
762.0584717,615
762.2049561,745
762.3514404,669
762.4979248,740
762.6444092,677
762.7908936,657
762.9373169,624
763.0837402,692
763.2301636,704
763.3765869,682
763.5230103,578
763.6694336,588
763.8157959,594
763.9621582,862
764.1085205,643
764.2548828,753
764.4012451,632
764.5476074,655
764.6939087,789
764.840271,657
764.9865723,646
765.1328735,592
765.2791748,701
765.425415,692
765.5717163,710
765.7179565,771
765.8642578,632
766.010498,716
766.1567383,648
766.3029175,589
766.4491577,737
766.5953369,674
766.7415771,774
766.8877563,588
767.0339355,464
767.1800537,564
767.3262329,539
767.4724121,587
767.6185303,586
767.7646484,732
767.9107666,680
768.0568848,649
768.2029419,677
768.3490601,581
768.4951172,608
768.6412354,654
768.7872925,742
768.9332886,730
769.0793457,800
769.2254028,562
769.3713989,687
769.517395,489
769.6633911,665
769.8093872,582
769.9553833,695
770.1013794,541
770.2473145,586
770.3933105,714
770.5392456,699
770.6851807,615
770.8310547,686
770.9769897,795
771.1229248,739
771.2687988,743
771.4146729,669
771.5605469,753
771.7064209,741
771.8522949,619
771.9981079,707
772.1439209,638
772.2897949,674
772.4356079,760
772.5814209,561
772.7271729,657
772.8729858,591
773.0187378,593
773.1645508,678
773.3103027,944
773.4560547,608
773.6017456,641
773.7474976,714
773.8931885,669
774.0389404,756
774.1846313,680
774.3303223,628
774.4760132,721
774.6216431,610
774.767334,734
774.9129639,614
775.0585938,730
775.2042236,722
775.3498535,655
775.4954834,633
775.6410522,591
775.7866821,699
775.932251,643
776.0778198,707
776.2233887,1108
776.3688965,791
776.5144653,611
776.6599731,621
776.805542,643
776.9510498,822
777.0965576,633
777.2420044,613
777.3875122,710
777.532959,817
777.6784668,817
777.8239136,810
777.9693604,586
778.1148071,719
778.2601929,728
778.4056396,680
778.5510254,629
778.6964111,571
778.8417969,721
778.9871826,644
779.1325684,694
779.2778931,736
779.4232178,683
779.5686035,724
779.7139282,720
779.8592529,709
780.0045166,712
780.1498413,529
780.295105,584
780.4403687,646
780.5856323,720
780.730896,616
780.8761597,660
781.0214233,744
781.166626,847
781.3118286,622
781.4570313,650
781.6022339,814
781.7474365,662
781.8926392,639
782.0377808,601
782.1829224,661
782.328125,737
782.4732056,673
782.6183472,615
782.7634888,646
782.9085693,612
783.0537109,682
783.1987915,744
783.3438721,677
783.4889526,617
783.6339722,586
783.7790527,609
783.9240723,700
784.0690918,606
784.2141113,648
784.3591309,675
784.5041504,602
784.6491089,618
784.7941284,745
784.9390869,536
785.0840454,685
785.2290039,759
785.3739624,471
785.5188599,626
785.6638184,672
785.8087158,582
785.9536133,671
786.0985107,641
786.2434082,561
786.3882446,686
786.5331421,725
786.6779785,715
786.8228149,730
786.9676514,568
787.1124878,781
787.2572632,740
787.4020996,713
787.546875,767
787.6916504,616
787.8364258,658
787.9812012,702
788.1259766,726
788.2706909,591
788.4154053,774
788.5601807,791
788.704895,747
788.8495483,655
788.9942627,657
789.1389771,777
789.2836304,793
789.4282837,683
789.572937,601
789.7175903,756
789.8622437,798
790.0068359,876
790.1514893,673
790.2960815,730
790.4406738,650
790.5852661,517
790.7297974,642
790.8743896,688
791.0189209,607
791.1635132,589
791.3080444,886
791.4525757,617
791.5970459,616
791.7415771,529
791.8860474,600
792.0305786,605
792.1750488,550
792.319519,650
792.4639282,634
792.6083984,710
792.7528076,572
792.8972778,613
793.041687,689
793.1860962,713
793.3305054,737
793.4748535,620
793.6192627,606
793.7636108,796
793.907959,680
794.0523071,678
794.1966553,610
794.3409424,823
794.4852905,702
794.6295776,810
794.7738647,753
794.9181519,795
795.062439,645
795.2067261,577
795.3509521,807
795.4952393,774
795.6394653,643
795.7836914,672
795.9279175,650
796.0720825,619
796.2163086,607
796.3604736,665
796.5046387,696
796.6488037,709
796.7929688,691
796.9371338,741
797.0812988,744
797.2254028,640
797.3695068,758
797.5136108,727
797.6577148,652
797.8018188,624
797.9458618,606
798.0899658,729
798.2340088,835
798.3780518,684
798.5220947,724
798.6661377,639
798.8101196,706
798.9541626,715
799.0981445,788
799.2421265,744
799.3861084,695
799.5300903,751
799.6740112,627
799.8179932,682
799.9619141,794
800.105835,841
800.2497559,625
800.3936768,595
800.5375366,755
800.6814575,619
800.8253174,816
800.9691772,750
801.1130371,585
801.256897,701
801.4006958,663
801.5445557,690
801.6883545,661
801.8321533,692
801.9759521,586
802.119751,619
802.2635498,675
802.4072876,742
802.5510254,652
802.6947632,679
802.838501,735
802.9822388,685
803.1259766,673
803.2696533,646
803.4133911,907
803.5570679,629
803.7007446,742
803.8444214,630
803.9880371,835
804.1317139,669
804.2753296,674
804.4189453,685
804.562561,589
804.7061768,643
804.8497925,680
804.9933472,635
805.1369019,860
805.2805176,654
805.4240723,703
805.5675659,672
805.7111206,663
805.8546753,640
805.9981689,769
806.1416626,725
806.2851563,626
806.4286499,841
806.5721436,754
806.7155762,776
806.8590698,544
807.0025024,669
807.1459351,678
807.2893677,687
807.4327393,496
807.5761719,534
807.7195435,728
807.862915,685
808.0062866,689
808.1496582,794
808.2930298,627
808.4363403,654
808.5797119,572
808.7230225,568
808.866333,581
809.0096436,751
809.1529541,689
809.2962036,630
809.4394531,670
809.5827637,668
809.7260132,799
809.8692627,570
810.0124512,665
810.1557007,675
810.2988892,718
810.4420776,779
810.5852661,661
810.7284546,684
810.8716431,699
811.0148315,637
811.157959,655
811.3010864,674
811.4442139,814
811.5873413,667
811.7304688,562
811.8735352,599
812.0166626,691
812.159729,739
812.3027954,749
812.4458618,715
812.5889282,797
812.7319336,849
812.875,609
813.0180054,700
813.1610107,561
813.3040161,644
813.4469604,760
813.5899658,650
813.7329102,662
813.8759155,570
814.0188599,600
814.1618042,708
814.3046875,727
814.4476318,661
814.5905151,599
814.7333984,704
814.8762817,564
815.019165,693
815.1620483,680
815.3049316,749
815.4477539,702
815.5905762,680
815.7333984,706
815.8762207,612
816.019043,578
816.1618042,737
816.3046265,660
816.4473877,517
816.5901489,696
816.7329102,663
816.8756714,654
817.0183716,566
817.1611328,746
817.303833,554
817.4465332,609
817.5892334,649
817.7319336,819
817.8745728,635
818.0172119,793
818.1599121,642
818.3025513,784
818.4451904,477
818.5877686,667
818.7304077,652
818.8729858,843
819.015625,766
819.1582031,518
819.3007202,711
819.4432983,740
819.5858765,627
819.7283936,629
819.8709106,619
820.0134277,711
820.1559448,690
820.2984619,645
820.440918,736
820.5834351,775
820.7258911,527
820.8683472,713
821.0108032,666
821.1532593,692
821.2956543,901
821.4381104,659
821.5805054,700
821.7229004,797
821.8652954,724
822.0076294,706
822.1500244,685
822.2923584,858
822.4346924,560
822.5770264,706
822.7193604,673
822.8616943,742
823.0040283,699
823.1463013,596
823.2885742,579
823.4308472,770
823.5731201,623
823.7153931,653
823.857605,762
823.9998779,805
824.1420898,677
824.2843018,591
824.4265137,676
824.5686646,789
824.7108765,668
824.8530273,652
824.9951782,751
825.1373291,774
825.27948,720
825.4216309,626
825.5637207,666
825.7058716,615
825.8479614,635
825.9900513,774
826.1321411,717
826.2741699,593
826.4162598,577
826.5582886,749
826.7003174,619
826.8423462,706
826.984375,784
827.1264038,682
827.2683716,772
827.4103394,833
827.5523682,817
827.6943359,648
827.8362427,915
827.9782104,624
828.1201172,722
828.262085,630
828.4039917,664
828.5458984,653
828.6878052,764
828.8296509,683
828.9715576,693
829.1134033,684
829.255249,606
829.3970947,670
829.5389404,807
829.6807861,548
829.8225708,814
829.9643555,667
830.1061401,753
830.2479248,697
830.3897095,758
830.5314941,621
830.6732178,831
830.8149414,768
830.956665,790
831.0983887,657
831.2401123,766
831.3818359,733
831.5234985,624
831.6651611,463
831.8068237,634
831.9484863,711
832.0901489,828
832.2318115,576
832.3734131,693
832.5150146,615
832.6566162,607
832.7982178,850
832.9398193,704
833.0813599,804
833.2229614,837
833.364502,591
833.5060425,625
833.647583,632
833.7891235,698
833.930603,806
834.0721436,811
834.213623,722
834.3551025,778
834.496582,627
834.6380005,733
834.77948,641
834.9208984,687
835.0623169,511
835.2037354,655
835.3451538,746
835.4865723,814
835.6279297,563
835.7693481,539
835.9107056,639
836.052063,775
836.1934204,567
836.3347168,635
836.4760742,671
836.6173706,813
836.758667,813
836.8999634,773
837.0412598,703
837.1825562,655
837.3237915,756
837.4650269,636
837.6063232,752
837.7474976,679
837.8887329,703
838.0299683,640
838.1711426,698
838.3123779,594
838.4535522,745
838.5947266,733
838.7358398,780
838.8770142,553
839.0181274,645
839.1593018,676
839.300415,644
839.4415283,804
839.5825806,656
839.7236938,702
839.8647461,678
840.0057983,686
840.1469116,774
840.2879028,650
840.4289551,633
840.5700073,827
840.7109985,643
840.8519897,735
840.992981,683
841.1339722,652
841.2749634,705
841.4158936,705
841.5568848,681
841.6978149,635
841.8387451,650
841.9796753,784
842.1205444,692
842.2614746,668
842.4023438,617
842.5432129,689
842.684082,668
842.8249512,578
842.9658203,790
843.1066284,678
843.2474365,760
843.3883057,568
843.5291138,739
843.6698608,589
843.8106689,649
843.951416,666
844.0922241,688
844.2329712,691
844.3737183,822
844.5144043,678
844.6551514,689
844.7958374,718
844.9365845,555
845.0772705,641
845.2179565,583
845.3585815,750
845.4992676,645
845.6398926,845
845.7805176,664
845.9211426,535
846.0617676,667
846.2023926,710
846.3430176,778
846.4835815,634
846.6241455,689
846.7647095,757
846.9052734,813
847.0458374,705
847.1863403,785
847.3268433,806
847.4674072,732
847.6079102,782
847.7483521,610
847.888855,776
848.0292969,597
848.1697998,572
848.3102417,673
848.4506836,689
848.5911255,768
848.7315063,562
848.8719482,774
849.0123291,778
849.15271,614
849.2930908,678
849.4334717,813
849.5737915,645
849.7141724,675
849.8544922,491
849.994812,727
850.1351318,672
850.2754517,632
850.4157104,603
850.5559692,701
850.6962891,779
850.8365479,716
850.9767456,728
851.1170044,651
851.2572632,814
851.3974609,733
851.5376587,1456
851.6778564,692
851.8180542,731
851.958252,595
852.0983887,686
852.2385254,600
852.3787231,672
852.5187988,719
852.6589355,643
852.7990723,745
852.9391479,670
853.0792847,582
853.2193604,603
853.359436,947
853.4994507,612
853.6395264,717
853.779541,671
853.9196167,683
854.0596313,777
854.199585,768
854.3395996,798
854.4796143,725
854.6195679,663
854.7595215,678
854.8994751,514
855.0394287,655
855.1793823,558
855.3192749,583
855.4592285,671
855.5991211,657
855.7390137,675
855.8789063,581
856.0187378,833
856.1586304,701
856.2984619,654
856.4382935,665
856.578125,726
856.7179565,674
856.8577271,688
856.9975586,551
857.1373291,632
857.2770996,727
857.4168701,817
857.5566406,804
857.6963501,627
857.8361206,596
857.9758301,639
858.1155396,804
858.255249,692
858.3948975,705
858.5346069,780
858.6742554,627
858.8139038,592
858.9535522,730
859.0932007,668
859.2328491,546
859.3724365,747
859.512085,712
859.6516724,655
859.7912598,656
859.9308472,773
860.0703735,825
860.2099609,618
860.3494873,659
860.4890137,802
860.62854,764
860.7680664,712
860.9075317,825
861.0469971,703
861.1865234,719
861.3259888,572
861.4654541,642
861.6048584,624
861.7443237,611
861.883728,721
862.0231323,542
862.1625366,639
862.3019409,794
862.4413452,657
862.5806885,732
862.7200928,697
862.859436,679
862.9987793,585
863.1380615,678
863.2774048,730
863.416687,702
863.5560303,715
863.6953125,578
863.8345947,723
863.9738159,635
864.1130981,619
864.2523193,595
864.3916016,677
864.5308228,597
864.6699829,743
864.8092041,787
864.9484253,595
865.0875854,678
865.2267456,628
865.3659058,687
865.5050659,667
865.6442261,679
865.7833252,811
865.9224243,550
866.0615234,701
866.2006226,619
866.3397217,609
866.4788208,727
866.6178589,697
866.756897,788
866.8959351,861
867.0349731,804
867.1740112,777
867.3130493,756
867.4520264,702
867.5910034,714
867.7299805,696
867.8689575,678
868.0079346,570
868.1468506,669
868.2857666,635
868.4247437,636
868.5635986,593
868.7025146,619
868.8414307,636
868.9802856,677
869.1192017,714
869.2580566,728
869.3969116,671
869.5357056,758
869.6745605,690
869.8133545,785
869.9521484,682
870.0909424,689
870.2297363,729
870.3685303,729
870.5073242,618
870.6460571,823
870.78479,856
870.9235229,528
871.0622559,688
871.2009277,825
871.3396606,801
871.4783325,654
871.6170044,648
871.7556763,840
871.8943481,632
872.03302,748
872.1716309,705
872.3102417,820
872.4488525,730
872.5874634,820
872.7260742,686
872.864624,526
873.0032349,496
873.1417847,699
873.2803345,776
873.4188843,851
873.557373,635
873.6959229,590
873.8344116,737
873.9729004,754
874.1113892,595
874.2498779,665
874.3883057,589
874.5267944,722
874.6652222,649
874.8036499,745
874.9420776,566
875.0805054,556
875.2188721,633
875.3572998,740
875.4956665,734
875.6340332,629
875.7723999,594
875.9107056,668
876.0490723,636
876.1873779,617
876.3256836,706
876.4639893,763
876.6022949,600
876.7405396,746
876.8788452,574
877.0170898,625
877.1553345,769
877.2935791,816
877.4318237,719
877.5700073,645
877.708252,764
877.8464355,580
877.9846191,668
878.1228027,729
878.2609253,636
878.3991089,638
878.5372314,862
878.675354,656
878.8134766,670
878.9515991,718
879.0896606,661
879.2277832,735
879.3658447,610
879.5039063,811
879.6419678,745
879.7800293,712
879.9180298,701
880.0560913,689
880.1940918,663
880.3320923,702
880.4700928,778
880.6080322,672
880.7460327,712
880.8839722,679
881.0219116,765
881.1598511,725
881.2977905,784
881.4356689,726
881.5736084,611
881.7114868,584
881.8493652,724
881.9872437,656
882.125061,789
882.2629395,801
882.4007568,744
882.5385742,746
882.6763916,726
882.814209,782
882.9520264,618
883.0897827,756
883.2276001,603
883.3653564,723
883.5031128,663
