lambda,g
320.187,713
320.3548279,610
320.5229492,645
320.69104,749
320.8591614,702
321.0272522,686
321.195343,863
321.3634338,756
321.5315247,722
321.699585,773
321.8676453,825
322.0357056,743
322.2037659,718
322.3718262,763
322.539856,690
322.7079163,726
322.875946,647
323.0439758,781
323.2119751,821
323.3800049,683
323.5480042,669
323.7160339,713
323.8840027,626
324.052002,788
324.2200012,681
324.38797,764
324.5559387,804
324.7239075,763
324.8918762,790
325.059845,850
325.2277832,744
325.395752,814
325.5636902,845
325.7315979,829
325.8995361,795
326.0674744,710
326.2353821,757
326.4032898,724
326.5711975,780
326.7391052,863
326.9069824,643
327.0748596,784
327.2427673,880
327.410614,752
327.5784912,673
327.7463684,781
327.9142151,816
328.0820618,710
328.2499084,800
328.4177551,690
328.5856018,814
328.753418,750
328.9212341,843
329.0890503,872
329.2568665,787
329.4246826,981
329.5924683,657
329.7602539,815
329.9280396,608
330.0958252,659
330.2636108,850
330.431366,658
330.5991516,807
330.7669067,780
330.9346313,747
331.1023865,735
331.2701416,809
331.4378662,897
331.6055908,696
331.7733154,751
331.94104,661
332.1087341,706
332.2764587,628
332.4441528,810
332.6118469,841
332.7795105,982
332.9472046,789
333.1148682,698
333.2825317,821
333.4501953,804
333.6178589,873
333.7855225,754
333.9531555,801
334.1207886,738
334.2884216,660
334.4560547,618
334.6236877,697
334.7912903,664
334.9588928,681
335.1264954,698
335.2940979,867
335.4617004,718
335.6292725,824
335.796875,802
335.964447,651
336.1319885,755
336.2995605,755
336.4671326,758
336.6346741,783
336.8022156,867
336.9697571,719
337.1372986,741
337.3048096,751
337.4723206,779
337.6398315,713
337.8073425,683
337.9748535,782
338.1423645,731
338.309845,763
338.4773254,664
338.6448059,631
338.8122864,695
338.9797363,611
339.1471863,675
339.3146667,806
339.4821167,645
339.6495361,709
339.8169861,819
339.9844055,781
340.151825,653
340.3192444,592
340.4866638,672
340.6540833,645
340.8214722,606
340.9888611,720
341.15625,768
341.3236389,712
341.4910278,812
341.6583862,733
341.8257446,714
341.993103,736
342.1604614,662
342.3278198,660
342.4951477,780
342.6624756,755
342.8298035,840
342.9971313,713
343.1644592,762
343.3317566,890
343.499054,733
343.6663513,648
343.8336487,728
344.000946,831
344.1682129,661
344.3355103,652
344.5027771,726
344.6700439,740
344.8372803,821
345.0045471,826
345.1717834,784
345.3390198,701
345.5062561,738
345.6734924,712
345.8406982,879
346.0079041,682
346.1751099,632
346.3423157,693
346.5095215,684
346.6766968,681
346.8439026,733
347.0110779,830
347.1782532,732
347.3453979,786
347.5125732,582
347.679718,834
347.8468628,793
348.0140076,656
348.1811523,769
348.3482666,709
348.5154114,749
348.6825256,708
348.8496399,780
349.0167236,724
349.1838379,732
349.3509216,756
349.5180054,750
349.6850891,716
349.8521729,916
350.0192261,666
350.1863098,666
350.353363,797
350.5204163,696
350.6874695,666
350.8544922,657
351.0215149,911
351.1885376,764
351.3555603,742
351.522583,715
351.6896057,658
351.8565979,855
352.0235901,700
352.1905823,681
352.3575745,937
352.5245361,949
352.6915283,913
352.85849,904
353.0254517,672
353.1923828,694
353.3593445,692
353.5262756,556
353.6932068,744
353.8601379,638
354.0270691,705
354.1940002,698
354.3609009,656
354.5278015,748
354.6947021,739
354.8616028,710
355.0284729,779
355.1953735,928
355.3622437,750
355.5291138,825
355.6959839,719
355.8628235,799
356.0296631,818
356.1965332,717
356.3633423,660
356.5301819,797
356.6970215,729
356.8638306,879
357.0306396,844
357.1974487,716
357.3642578,718
357.5310364,734
357.6978455,733
357.864624,618
358.0314026,906
358.1981506,621
358.3649292,849
358.5316772,626
358.6984253,915
358.8651733,799
359.0319214,852
359.1986694,734
359.365387,759
359.5321045,733
359.698822,927
359.8655396,794
360.0322266,671
360.1989441,827
360.3656311,624
360.5323181,591
360.6989746,801
360.8656616,885
361.0323181,813
361.1989746,878
361.3656311,841
361.5322876,936
361.6989136,692
361.8655701,700
362.032196,643
362.198822,708
362.3654175,654
362.5320435,614
362.6986389,606
362.8652344,821
363.0318298,816
363.1984253,757
363.3649902,717
363.5315552,717
363.6981201,698
363.8646851,840
364.03125,766
364.1977844,700
364.3643494,682
364.5308838,801
364.6974182,850
364.8639221,791
365.0304565,656
365.1969604,673
365.3634644,646
365.5299683,693
365.6964722,687
365.8629456,724
366.0294189,814
366.1958923,617
366.3623657,594
366.5288391,743
366.695282,598
366.8617249,695
367.0281677,780
367.1946106,801
367.3610535,759
367.5274658,597
367.6938782,847
367.8602905,754
368.0267029,730
368.1931152,871
368.3594971,810
368.5258789,773
368.6922607,697
368.8586426,759
369.0250244,641
369.1913757,737
369.3577271,698
369.5240784,698
369.6904297,671
369.8567505,722
370.0231018,774
370.1894226,657
370.3557434,579
370.5220642,833
370.6883545,799
370.8546448,671
371.0209656,588
371.1872559,773
371.3535156,806
371.5198059,853
371.6860657,907
371.8523254,700
372.0185852,904
372.184845,691
372.3510742,922
372.5173035,633
372.6835632,696
372.849762,664
373.0159912,581
373.1822205,643
373.3484192,718
373.5146179,580
373.6808167,752
373.8469849,694
374.0131836,689
374.1793518,751
374.34552,666
374.5116882,556
374.6778259,709
374.8439941,850
375.0101318,777
375.1762695,669
375.3424072,818
375.5085144,698
375.6746521,669
375.8407593,764
376.0068665,726
376.1729736,653
376.3390503,727
376.5051575,714
376.6712341,616
376.8373108,587
377.0033875,662
377.1694336,725
377.3354797,691
377.5015259,848
377.667572,793
377.8336182,675
377.9996643,612
378.1656799,741
378.3316956,742
378.4977112,612
378.6637268,661
378.8297119,820
378.995697,616
379.1616821,623
379.3276672,796
379.4936523,790
379.6596069,728
379.8255615,716
379.9915161,703
380.1574707,856
380.3234253,633
380.4893494,748
380.6552734,716
380.8211975,709
380.9871216,824
381.1530457,782
381.3189392,744
381.4848328,764
381.6507263,772
381.8166199,892
381.9825134,793
382.1483765,864
382.3142395,740
382.4801025,862
382.6459656,896
382.8117981,698
382.9776306,852
383.1434631,674
383.3092957,619
383.4751282,780
383.6409302,601
383.8067627,688
383.9725647,741
384.1383667,699
384.3041382,676
384.4699402,744
384.6357117,708
384.8014832,614
384.9672546,801
385.1329956,732
385.2987671,746
385.4645081,668
385.630249,801
385.7959595,736
385.9617004,680
386.1274109,663
386.2931519,732
386.4588318,606
386.6245422,622
386.7902527,782
386.9559326,613
387.1216125,764
387.2872925,671
387.4529724,779
387.6186218,617
387.7842712,670
387.9499207,700
388.1155701,753
388.2812195,699
388.4468384,794
388.6124573,689
388.7780762,704
388.9436951,792
389.109314,677
389.2749023,665
389.4404907,618
389.6060791,800
389.7716675,822
389.9372253,656
390.1028137,638
390.2683716,625
390.4339294,674
390.5994568,935
390.7650146,734
390.930542,713
391.0960693,702
391.2615967,757
391.427124,785
391.5926208,731
391.7581177,676
391.9236145,625
392.0891113,618
392.2546082,796
392.4200745,647
392.5855408,690
392.7510071,708
392.9164734,597
393.0819397,706
393.2473755,633
393.4128113,807
393.5782471,734
393.7436829,758
393.9090881,703
394.0744934,646
394.2399292,777
394.405304,579
394.5707092,699
394.736084,605
394.9014893,775
395.066864,732
395.2322083,605
395.397583,669
395.5629272,816
395.728302,745
395.8936462,716
396.05896,618
396.2243042,688
396.3896179,680
396.5549316,882
396.7202454,716
396.8855591,761
397.0508423,686
397.216156,816
397.3814392,667
397.5467224,760
397.7119751,644
397.8772583,699
398.042511,772
398.2077637,741
398.3730164,736
398.5382385,752
398.7034607,691
398.8687134,760
399.0339355,658
399.1991272,704
399.3643494,816
399.529541,1001
399.6947327,654
399.8599243,733
400.025116,748
400.1902771,692
400.3554382,620
400.5205994,977
400.6857605,840
400.8509216,652
401.0160522,674
401.1811829,714
401.3463135,704
401.5114441,704
401.6765747,712
401.8416748,769
402.0067749,583
402.171875,752
402.3369751,698
402.5020447,572
402.6671143,626
402.8321838,811
402.9972534,692
403.162323,827
403.3273621,842
403.4924316,689
403.6574707,665
403.8224792,690
403.9875183,721
404.1525269,713
404.3175354,668
404.4825439,644
404.6475525,767
404.8125305,678
404.9775391,540
405.1425171,618
405.3074951,734
405.4724426,649
405.6374207,731
405.8023682,784
405.9673157,827
406.1322632,687
406.2971802,630
406.4621277,673
406.6270447,648
406.7919617,789
406.9568481,693
407.1217651,673
407.2866516,734
407.4515381,728
407.6164246,592
407.781311,736
407.946167,654
408.1110229,757
408.2758789,734
408.4407349,766
408.6055908,564
408.7704163,769
408.9352417,692
409.1000671,741
409.2648926,913
409.4296875,694
409.5944824,634
409.7592773,692
409.9240723,686
410.0888672,734
410.2536316,603
410.4184265,779
410.5831909,708
410.7479248,789
410.9126892,683
411.0774231,725
411.242157,549
411.4068909,666
411.5716248,694
411.7363281,613
411.901062,846
412.0657654,664
412.2304688,657
412.3951416,783
412.559845,682
412.7245178,661
412.8891907,728
413.053833,674
413.2185059,867
413.3831482,629
413.5477905,580
413.7124329,624
413.8770752,599
414.041687,593
414.2063293,626
414.3709412,590
414.535553,724
414.7001343,641
414.8647156,656
415.0293274,693
415.1939087,627
415.3584595,748
415.5230408,632
415.6875916,678
415.8521423,864
416.0166931,485
416.1812439,662
416.3457642,612
416.5102844,987
416.6748047,680
416.839325,750
417.0038452,661
417.168335,650
417.3328247,755
417.4973145,658
417.6618042,665
417.8262634,786
417.9907227,585
418.1551819,597
418.3196411,787
418.4841003,670
418.6485291,865
418.8129578,726
418.9773865,716
419.1418152,781
419.3062439,701
419.4706421,756
419.6350403,705
419.7994385,800
419.9638367,740
420.1282043,742
420.292572,806
420.4569397,694
420.6213074,738
420.785675,630
420.9500122,817
421.1143494,643
421.2786865,695
421.4430237,905
421.6073303,735
421.771637,664
421.9359436,645
422.1002502,727
422.2645569,700
422.428833,713
422.5931091,662
422.7573853,540
422.9216614,739
423.085907,728
423.2501831,788
423.4144287,593
423.5786743,676
423.7428894,671
423.907135,726
424.0713501,758
424.2355652,684
424.3997803,804
424.5639648,671
424.7281494,645
424.892334,765
425.0565186,644
425.2207031,600
425.3848572,927
425.5490417,788
425.7131958,632
425.8773193,608
426.0414734,760
426.2055969,693
426.3697205,656
426.533844,746
426.6979675,670
426.8620605,728
427.0261841,766
427.1902771,764
427.3543701,775
427.5184326,767
427.6825256,634
427.8465881,679
428.0106506,770
428.1746826,609
428.3387451,781
428.5027771,757
428.6668091,747
428.8308411,609
428.9948425,722
429.1588745,696
429.322876,604
429.4868774,827
429.6508789,716
429.8148499,725
429.9788208,872
430.1428223,762
430.3067627,679
430.4707336,676
430.6346741,752
430.798645,602
430.9625854,675
431.1264954,689
431.2904358,694
431.4543457,724
431.6182556,841
431.7821655,659
431.9460754,698
432.1099548,683
432.2738342,670
432.4377136,776
432.601593,871
432.7654419,687
432.9293213,589
433.0931702,709
433.257019,684
433.4208374,549
433.5846863,631
433.7485046,706
433.912323,662
434.0761414,560
434.2399292,822
434.4037476,689
434.5675354,871
434.7312927,601
434.8950806,596
435.0588684,787
435.2226257,676
435.3863831,889
435.5501099,790
435.7138672,614
435.877594,745
436.0413208,774
436.2050476,812
436.3687744,661
436.5324707,769
436.6961975,594
436.8598938,671
437.0235596,804
437.1872559,738
437.3509216,790
437.5145874,639
437.6782532,883
437.8419189,704
438.0055542,827
438.1691895,759
438.3328247,911
438.49646,569
438.6600952,668
438.8237,877
438.9873047,729
439.1509094,693
439.3145142,686
439.4780884,736
439.6416626,748
439.8052368,698
439.968811,768
440.1323547,667
440.295929,750
440.4594727,726
440.6230164,753
440.7865295,596
440.9500732,633
441.1135864,719
441.2770996,761
441.4406128,790
441.6040955,784
441.7675781,728
441.9310608,631
442.0945435,622
442.2580261,575
442.4214783,726
442.5849304,736
442.7483826,621
442.9118347,679
443.0752869,757
443.2387085,593
443.4021301,836
443.5655518,604
443.7289429,791
443.8923645,688
444.0557556,654
444.2191467,850
444.3825073,722
444.5458984,763
444.709259,646
444.8726196,717
445.0359802,707
445.1993408,767
445.3626709,713
445.526001,793
445.6893311,762
445.8526611,743
446.0159607,677
446.1792603,630
446.3425598,854
446.5058594,709
446.6691589,737
446.832428,804
446.995697,615
447.1589661,793
447.3222351,754
447.4854736,652
447.6487122,598
447.8119507,693
447.9751892,570
448.1384277,745
448.3016357,732
448.4648438,735
448.6280518,600
448.7912292,689
448.9544373,756
449.1176147,750
449.2807922,589
449.4439697,698
449.6071167,716
449.7702637,732
449.9334106,697
450.0965576,760
450.2597046,671
450.422821,790
450.5859375,574
450.749054,764
450.9121704,582
451.0752563,735
451.2383728,767
451.4014587,671
451.5645142,774
451.7276001,707
451.8906555,813
452.0537109,773
452.2167664,741
452.3798218,793
452.5428467,835
452.7059021,774
452.868927,648
453.0319214,738
453.1949463,614
453.3579407,853
453.5209351,603
453.6839294,824
453.8469238,731
454.0098877,667
454.1728516,802
454.3358154,619
454.4987793,744
454.6617126,801
454.824646,675
454.9875793,617
455.1505127,669
455.313446,772
455.4763489,622
455.6392517,651
455.8021545,722
455.9650574,620
456.1279297,686
456.290802,739
456.4536743,777
456.6165466,709
456.7794189,668
456.9422607,869
457.1051025,697
457.2679443,702
457.4307556,778
457.5935974,732
457.7564087,734
457.91922,652
458.0820313,679
458.244812,811
458.4075928,704
458.5703735,617
458.7331543,756
458.8959351,631
459.0586853,783
459.2214355,598
459.3841858,702
459.5469055,766
459.7096558,685
459.8723755,673
460.0350952,633
460.1978149,827
460.3605042,699
460.5231934,772
460.6858826,624
460.8485718,618
461.011261,771
461.1739197,685
461.3365784,912
461.4992371,834
461.6618958,691
461.8245239,757
461.9871521,660
462.1497803,658
462.3124084,651
462.4750366,755
462.6376343,634
462.8002319,678
462.9628296,797
463.1253967,729
463.2879944,783
463.4505615,763
463.6131287,775
463.7756653,594
463.9382324,794
464.100769,693
464.2633057,619
464.4258423,681
464.5883484,667
464.750885,749
464.9133911,782
465.0758972,769
465.2383728,754
465.4008789,685
465.5633545,714
465.7258301,673
465.8882751,754
466.0507507,711
466.2131958,680
466.3756409,617
466.5380859,670
466.7005005,707
466.8629456,657
467.0253601,618
467.1877441,690
467.3501587,689
467.5125427,777
467.6749573,650
467.8373108,677
467.9996948,795
468.1620789,670
468.3244324,722
468.4867859,611
468.6491394,630
468.8114624,795
468.9737854,751
469.1361084,699
469.2984314,771
469.4607544,887
469.6230469,725
469.7853394,765
469.9476318,751
470.1099243,837
470.2721863,855
470.4344788,732
470.5967407,792
470.7589722,585
470.9212341,728
471.0834656,735
471.245697,852
471.4079285,716
471.5701599,698
471.7323608,704
471.8945618,727
472.0567627,756
472.2189636,908
472.381134,777
472.5433044,744
472.7054749,929
472.8676453,824
473.0297852,884
473.1919556,878
473.3540955,926
473.5162354,800
473.6783447,908
473.8404541,926
474.002594,1183
474.1646729,825
474.3267822,906
474.4888611,948
474.6509705,1095
474.8130493,1017
474.9750977,852
475.1371765,881
475.2992249,848
475.4612732,1155
475.6233215,1002
475.7853394,1004
475.9473877,958
476.1094055,896
476.2714233,1049
476.4334106,1193
476.5953979,1088
476.7574158,987
476.9194031,1110
477.0813599,1128
477.2433472,1050
477.405304,1224
477.5672607,1083
477.7292175,1181
477.8911438,1280
478.0530701,1227
478.2149963,1286
478.3769226,1279
478.5388489,1264
478.7007446,1358
478.8626404,1361
479.0245361,1427
479.1864319,1367
479.3482971,1356
479.5101624,1161
479.6720276,1250
479.8338928,1361
479.9957275,1443
480.1575928,1436
480.3194275,1394
480.4812317,1427
480.6430664,1360
480.8048706,1441
480.9666748,1530
481.128479,1519
481.2902832,1411
481.4520569,1504
481.6138306,1532
481.7756042,1407
481.9373779,1635
482.0991211,1551
482.2608643,1608
482.4226074,1622
482.5843506,1631
482.7460632,1569
482.9078064,1641
483.069519,1634
483.2312012,1593
483.3929138,1541
483.5545959,1778
483.7162781,1578
483.8779602,1579
484.0396423,1748
484.2012939,1612
484.3629456,1615
484.5245972,1769
484.6862488,1739
484.8478699,1650
485.009491,1658
485.1711121,1707
485.3327332,1636
485.4943237,1795
485.6559448,1851
485.8175354,1563
485.9790955,1701
486.140686,1764
486.3022461,1641
486.4638062,1911
486.6253662,1613
486.7869263,1864
486.9484558,1792
487.1099854,1796
487.2715149,1935
487.4330444,1918
487.5945435,1786
487.7560425,1838
487.9175415,1916
488.0790405,1897
488.240509,1827
488.4019775,1729
488.563446,1759
488.7249146,1836
488.8863831,1802
489.047821,1777
489.209259,1840
489.370697,1815
489.5321045,1970
489.6935425,1907
489.85495,1830
490.0163574,1946
490.1777344,2037
490.3391418,1813
490.5005188,1851
490.6618958,1861
490.8232422,1831
490.9846191,1782
491.1459656,1774
491.307312,1801
491.4686584,1738
491.6299744,1827
491.7912903,1925
491.9526062,1909
492.1139221,1738
492.275238,1847
492.4365234,1915
492.5978088,1770
492.7590942,1804
492.9203491,1789
493.0816345,1859
493.2428894,1899
493.4041443,1949
493.5653687,2032
493.7266235,1886
493.8878479,1763
494.0490723,1969
494.2102661,1856
494.3714905,1850
494.5326843,1901
494.6938782,2027
494.855072,1850
495.0162354,1936
495.1773987,2033
495.338562,1844
495.4997253,1843
495.6608887,1965
495.8220215,1874
495.9831543,1966
496.1442871,1996
496.3053894,1791
496.4665222,1906
496.6276245,1781
496.7886963,1895
496.9497986,2124
497.1108704,1847
497.2719727,1785
497.4330139,1806
497.5940857,1973
497.7551575,1918
497.9161987,1885
498.07724,1840
498.2382507,1819
498.399292,1712
498.5603027,2021
498.7213135,1894
498.8823242,1962
499.0433044,1947
499.2042847,1676
499.3652649,1946
499.5262451,1933
499.6872253,1881
499.848175,1913
500.0091248,1904
500.1700745,1885
500.3310242,1956
500.4919434,1986
500.6528625,1826
500.8137817,1986
500.9746704,1922
501.1355896,1974
501.2964783,1867
501.4573669,1979
501.6182556,2049
501.7791138,1993
501.9399719,2017
502.1008301,2033
502.2616882,2041
502.4225159,2118
502.5833435,2090
502.7441711,2070
502.9049988,2104
503.0658264,2006
503.2266235,2157
503.3874207,2003
503.5482178,2133
503.7089844,2248
503.869751,2101
504.0305481,2238
504.1912842,2207
504.3520508,2342
504.5127869,2224
504.6735229,2176
504.834259,2161
504.9949951,2253
505.1557007,2467
505.3164063,2454
505.4771118,2282
505.6378174,2396
505.7984924,2416
505.9591675,2315
506.1198425,2599
506.2805176,2391
506.4411621,2410
506.6018066,2384
506.7624512,2351
506.9230957,2575
507.0837402,2523
507.2443542,2541
507.4049683,2546
507.5655518,2651
507.7261658,2563
507.8867493,2563
508.0473328,2514
508.2079163,2779
508.3684692,2707
508.5290527,2737
508.6896057,2763
508.8501587,2807
509.0106812,2775
509.1712036,2767
509.3317566,2830
509.4922485,2893
509.652771,3027
509.8132629,2991
509.9737549,2965
510.1342468,3023
510.2947388,3092
510.4552002,3081
510.6156616,3051
510.776123,3234
510.9365845,3221
511.0970154,3308
511.2574463,3158
511.4178772,3237
511.5783081,3353
511.7387085,3304
511.8991394,3356
512.0595093,3539
512.2199097,3584
512.3803101,3588
512.5406494,3558
512.7010498,3512
512.8613892,3765
513.0217285,3554
513.1821289,3564
513.3424683,3801
513.5027466,3624
513.6630859,3844
513.8234253,3955
513.9837036,3940
514.144043,3936
514.3043213,3922
514.4645996,4056
514.6248779,4155
514.7851563,4044
514.9454346,4184
515.1056519,4177
515.2659302,4062
515.4261475,4197
515.5864258,4310
515.7466431,4336
515.9068604,4556
516.0670776,4517
516.2272949,4608
516.3874512,4357
516.5476685,4512
516.7078247,4468
516.868042,4664
517.0281982,4534
517.1883545,4804
517.3485107,4922
517.508667,4560
517.6687622,4660
517.8289185,4533
517.9890137,4780
518.1491699,4791
518.3092651,4922
518.4693604,4952
518.6294556,4930
518.7895508,4806
518.949585,5033
519.1096802,5083
519.2697754,5094
519.4298096,5101
519.5898438,5135
519.7498779,5160
519.9099121,5149
520.0699463,5205
520.2299805,5276
520.3899536,5341
520.5499878,5214
520.7099609,5196
520.8699951,5298
521.0299683,5570
521.1899414,5544
521.3498535,5527
521.5098267,5552
521.6697998,5567
521.8297119,5619
521.9896851,5712
522.1495972,5881
522.3095093,5776
522.4694214,6077
522.6293335,6061
522.7892456,6068
522.9490967,6036
523.1090088,6124
523.2688599,5790
523.428772,6020
523.588623,6118
523.7484741,6284
523.9083252,6328
524.0681763,6319
524.2279663,6440
524.3878174,6511
524.5476074,6300
524.7073975,6552
524.8672485,6469
525.0270386,6450
525.1868286,6479
525.3465576,6580
525.5063477,6668
525.6661377,6598
525.8258667,6783
525.9855957,6893
526.1453247,6972
526.3050537,6920
526.4647827,7001
526.6245117,7169
526.7842407,7062
526.9439087,7028
527.1036377,7122
527.2633057,7246
527.4229736,7152
527.5826416,7453
527.7423096,7188
527.9019775,7275
528.0616455,7595
528.2212524,7524
528.3809204,7374
528.5405273,7522
528.7001343,7463
528.8597412,7565
529.0193481,7370
529.1789551,7717
529.338562,7623
529.4981689,7813
529.6577148,7750
529.8172607,8083
529.9768066,7952
530.1364136,7605
530.2959595,7734
530.4554443,7881
530.6149902,8075
530.7745361,7800
530.934021,7900
531.0935059,8019
531.2530518,7946
531.4125366,8051
531.5720215,8046
531.7315063,8080
531.8909302,7893
532.050415,8029
532.2098389,8283
532.3693237,8383
532.5287476,8064
532.6881714,8178
532.8475952,8190
533.007019,8023
533.1663818,8023
533.3258057,8448
533.4851685,8073
533.6445923,8255
533.8039551,8277
533.9633179,8253
534.1226807,8310
534.2820435,8466
534.4414063,8237
534.600708,8100
534.7600708,8390
534.9193726,8563
535.0786743,8345
535.2379761,8338
535.3972778,8446
535.5565796,8283
535.7158813,8291
535.8751221,8474
536.0344238,8309
536.1936646,8273
536.3529053,8301
536.512207,8343
536.6714478,8229
536.8306274,8230
536.9898682,8434
537.1491089,8184
537.3082886,8297
537.4674683,8392
537.626709,8353
537.7858887,8359
537.9450684,8392
538.104248,8146
538.2633667,8232
538.4225464,8414
538.581665,8413
538.7408447,8424
538.8999634,8137
539.059082,8326
539.2182007,8205
539.3773193,8240
539.536377,8242
539.6954956,8294
539.8546143,8175
540.0136719,8314
540.1727295,8164
540.3317871,8223
540.4908447,8305
540.6499023,8045
540.80896,8171
540.9679565,8282
541.1270142,8017
541.2860107,8186
541.4450073,8164
541.6040039,8203
541.7630005,7947
541.9219971,7938
542.0809937,7819
542.2399292,8180
542.3989258,8023
542.5578613,7875
542.7167969,8077
542.8757324,7949
543.034668,7960
543.1936035,7899
543.3525391,7751
543.5114136,7708
543.6703491,7658
543.8292236,7552
543.9880981,7903
544.1469727,7469
544.3058472,7664
544.4647217,7275
544.6235962,7548
544.7824097,7541
544.9412842,7470
545.1000977,7426
545.2589111,7429
545.4177246,7378
545.5765381,7288
545.7353516,7239
545.894165,7413
546.0529175,7296
546.211731,7081
546.3704834,7354
546.5292358,7451
546.6879883,7134
546.8467407,7038
547.0054932,7136
547.1641846,7213
547.322937,6987
547.4816284,7107
547.6403809,7099
547.7990723,7232
547.9577637,6732
548.1164551,6773
548.2751465,6901
548.4337769,6845
548.5924683,6722
548.7510986,6888
548.909729,6656
549.0684204,6582
549.2270508,6534
549.3856201,6623
549.5442505,6660
549.7028809,6542
549.8614502,6367
550.0200806,6515
550.1786499,6307
550.3372192,6372
550.4957886,6351
550.6543579,6403
550.8129272,6149
550.9714355,6103
551.1300049,6074
551.2885132,5987
551.4470215,6023
551.6055298,6114
551.7640381,6001
551.9225464,6017
552.0810547,5939
552.239563,5965
552.3980103,5873
552.5564575,5728
552.7149658,5810
552.8734131,5951
553.0318604,5550
553.1902466,5608
553.3486938,5708
553.5071411,5663
553.6655273,5661
553.8239746,5731
553.9823608,5432
554.1407471,5488
554.2991333,5329
554.4575195,5380
554.6158447,5609
554.774231,5466
554.9325562,5128
555.0908813,5272
555.2492676,5294
555.4075928,5146
555.565918,5321
555.7241821,5312
555.8825073,5188
556.0408325,4939
556.1990967,5087
556.3573608,5106
556.515625,4962
556.6738892,4982
556.8321533,4891
556.9904175,4793
557.1486816,4889
557.3068848,4763
557.4651489,4951
557.6233521,4877
557.7815552,4754
557.9397583,4704
558.0979614,4509
558.2561646,4699
558.4143066,4720
558.5725098,4569
558.7306519,4640
558.8887939,4678
559.046936,4565
559.2050781,4530
559.3632202,4506
559.5213623,4458
559.6794434,4315
559.8375854,4502
559.9956665,4385
560.1537476,4381
560.3118896,4437
560.4699097,4283
560.6279907,4251
560.7860718,4348
560.9441528,4118
561.1021729,4092
561.2601929,4069
561.4182129,4135
561.5762329,4140
561.7342529,4113
561.8922729,4180
562.050293,4160
562.208252,4051
562.366272,3990
562.524231,3828
562.6821899,4026
562.8401489,3944
562.9981079,3895
563.1560669,3681
563.3139648,3772
563.4719238,3955
563.6298218,3770
563.7877808,3979
563.9456787,3682
564.1035767,3690
564.2614136,3633
564.4193115,3593
564.5772095,3567
564.7350464,3581
564.8929443,3605
565.0507813,3556
565.2086182,3448
565.3664551,3463
565.524292,3404
565.6820679,3418
565.8399048,3302
565.9976807,3252
566.1555176,3441
566.3132935,3186
566.4710693,3315
566.6288452,3199
566.7866211,3140
566.9443359,3252
567.1021118,3291
567.2598267,3251
567.4175415,3169
567.5753174,3240
567.7330322,3162
567.890686,2959
568.0484009,3157
568.2061157,2908
568.3637695,3076
568.5214844,2963
568.6791382,2977
568.836792,2954
568.9944458,3008
569.1520996,2822
569.3096924,2877
569.4673462,2788
569.625,2887
569.7825928,2604
569.9401855,2811
570.0977783,2690
570.2553711,2598
570.4129639,2583
570.5704956,2800
570.7280884,2579
570.8856201,2605
571.0432129,2527
571.2007446,2677
571.3582764,2562
571.5158081,2517
571.6733398,2458
571.8308105,2519
571.9883423,2550
572.145813,2401
572.3032837,2718
572.4607544,2419
572.6182251,2443
572.7756958,2311
572.9331665,2380
573.0906372,2293
573.2480469,2341
573.4054565,2467
573.5629272,2397
573.7203369,2250
573.8777466,2212
574.0350952,2234
574.1925049,2357
574.3499146,2098
574.5072632,2167
574.6646118,2270
574.8219604,2079
574.9793091,2062
575.1366577,2059
575.2940063,2109
575.451355,1939
575.6086426,2211
575.7659912,1941
575.9232788,2021
576.0805664,1902
576.237854,2109
576.3951416,2055
576.5523682,1734
576.7096558,2066
576.8669434,1783
577.0241699,1856
577.1813965,2159
577.338623,1767
577.4958496,1679
577.6530762,1675
577.8103027,1786
577.9674683,1709
578.1246338,1695
578.2818604,1701
578.4390259,1833
578.5961914,1769
578.7533569,1762
578.9105225,1645
579.067627,1524
579.2247925,1660
579.381897,1562
579.5390015,1501
579.696106,1836
579.8532104,1534
580.0103149,1616
580.1674194,1483
580.3244629,1628
580.4815674,1442
580.6386108,1409
580.7956543,1448
580.9526978,1531
581.1097412,1420
581.2667847,1377
581.4238281,1522
581.5808105,1280
581.737854,1343
581.8948364,1388
582.0518188,1390
582.2088013,1223
582.3657837,1364
582.5227661,1373
582.6796875,1274
582.8366699,1415
582.9935913,1317
583.1505127,1324
583.3074341,1336
583.4643555,1321
583.6212769,1307
583.7781982,1238
583.9350586,1318
584.09198,1098
584.2488403,1144
584.4057007,1265
584.562561,1033
584.7194214,1205
584.8762817,1149
585.0330811,1260
585.1899414,1258
585.3467407,1126
585.50354,1138
585.6604004,1068
585.8171387,1060
585.973938,1103
586.1307373,977
586.2875366,1111
586.4442749,1040
586.6010132,1050
586.7577515,1099
586.9144897,1000
587.071228,1043
587.2279663,998
587.3847046,979
587.5413818,949
587.6981201,982
587.8547974,1095
588.0114746,1075
588.1681519,1161
588.3248291,892
588.4815063,1013
588.6381226,975
588.7947998,927
588.951416,982
589.1080322,1046
589.2646484,994
589.4212646,961
589.5778809,773
589.734436,923
589.8910522,1071
590.0476074,955
590.2042236,924
590.3607788,928
590.517334,937
590.6738892,881
590.8303833,819
590.9869385,1002
591.1434326,928
591.2999878,932
591.4564819,870
591.6129761,779
591.7694702,987
591.9259644,878
592.0823975,902
592.2388916,855
592.3953247,683
592.5517578,813
592.708252,865
592.8646851,979
593.0210571,1135
593.1774902,865
593.3339233,698
593.4902954,934
593.6467285,735
593.8031006,795
593.9594727,874
594.1158447,857
594.2721558,847
594.4285278,863
594.5848999,801
594.7412109,711
594.897522,956
595.053833,847
595.210144,763
595.3664551,808
595.5227661,1057
595.6790771,812
595.8353271,781
595.9915771,607
596.1478882,714
596.3041382,760
596.4603882,726
596.6165771,796
596.7728271,809
596.9290161,713
597.0852661,782
597.2414551,741
597.397644,780
597.553833,838
597.710022,764
597.8662109,781
598.0223389,848
598.1785278,672
598.3346558,811
598.4907837,806
598.6469116,684
598.8030396,720
598.9591675,706
599.1152954,771
599.2713623,657
599.4274902,730
599.5835571,606
599.739624,705
599.8956909,677
600.0517578,790
600.2078247,593
600.3638306,767
600.5198975,766
600.6759033,868
600.8319092,828
600.987915,788
601.1439209,717
601.2999268,877
601.4558716,938
601.6118774,916
601.7678223,750
601.9237671,666
602.0797729,812
602.2356567,623
602.3916016,632
602.5475464,739
602.7034912,749
602.859375,732
603.0152588,717
603.1711426,724
603.3270264,759
603.4829102,648
603.6387939,636
603.7946777,690
603.9505005,704
604.1063843,837
604.262207,694
604.4180298,906
604.5738525,789
604.7296753,780
604.885437,790
605.0412598,677
605.1970215,699
605.3527832,620
605.508606,764
605.6643677,729
605.8200684,802
605.9758301,683
606.1315918,806
606.2872925,660
606.4429932,666
606.5987549,729
606.7544556,739
606.9101563,705
607.0657959,724
607.2214966,633
607.3771973,752
607.5328369,709
607.6884766,720
607.8441162,734
607.9997559,788
608.1553955,698
608.3110352,812
608.4666138,828
608.6222534,1023
608.777832,910
608.9334106,705
609.0889893,858
609.2445679,734
609.4001465,659
609.5556641,739
609.7112427,666
609.8667603,717
610.0223389,723
610.1778564,647
610.333374,683
610.4888306,697
610.6443481,722
610.7998657,673
610.9553223,825
611.1107788,761
611.2662354,782
611.4216919,869
611.5771484,746
611.732605,714
611.8880005,880
612.043457,645
612.1988525,698
612.354248,817
612.5096436,825
612.6650391,744
612.8204346,806
612.9758301,873
613.1311646,836
613.286499,870
613.4418945,948
613.597229,749
613.7525635,778
613.9078979,806
614.0631714,693
614.2185059,754
614.3737793,768
614.5290527,735
614.6843872,807
614.8396606,848
614.994873,799
615.1501465,668
615.3054199,845
615.4606323,659
615.6158447,832
615.7711182,789
615.9263306,832
616.081543,798
616.2366943,615
616.3919067,576
616.5470581,692
616.7022705,728
616.8574219,717
617.0125732,621
617.1677246,704
617.322876,594
617.4780273,652
617.6331177,780
617.788208,646
617.9433594,694
618.0984497,757
618.25354,720
618.4086304,808
618.5636597,675
618.71875,645
618.8737793,816
619.0288696,716
619.1838989,772
619.3389282,795
619.4939575,554
619.6489868,574
619.8039551,744
619.9589844,714
620.1139526,719
620.2689209,717
620.4238892,725
620.5788574,576
620.7338257,631
620.8887939,701
621.0437012,704
621.1986694,744
621.3535767,734
621.5084839,677
621.6633911,726
621.8182983,650
621.9731445,750
622.1280518,673
622.2828979,604
622.4378052,631
622.5926514,661
622.7474976,783
622.9023438,678
623.0571289,718
623.2119751,631
623.3667603,672
623.5216064,621
623.6763916,653
623.8311768,575
623.9859619,643
624.1407471,726
624.2954712,736
624.4502563,832
624.6049805,671
624.7597046,783
624.9144287,677
625.0691528,642
625.223877,588
625.3786011,723
625.5332642,691
625.6879883,674
625.8426514,657
625.9973145,804
626.1519775,759
626.3066406,657
626.4613037,799
626.6159058,620
626.7705688,774
626.9251709,739
627.0797729,782
627.234375,839
627.3889771,678
627.5435791,735
627.6981201,583
627.8527222,939
628.0072632,741
628.1618042,771
628.3163452,777
628.4708862,677
628.6254272,771
628.7799683,750
628.9344482,693
629.0889893,734
629.2434692,726
629.3979492,659
629.5524292,693
629.7069092,932
629.8613281,739
630.0158081,723
630.1702271,823
630.324646,664
630.4790649,742
630.6334839,893
630.7879028,793
630.9423218,753
631.0967407,796
631.2510986,777
631.4054565,718
631.5598145,768
631.7141724,650
631.8685303,824
632.0228882,660
632.1771851,755
632.331543,932
632.4858398,765
632.6401367,624
632.7944336,866
632.9487305,711
633.1030273,710
633.2573242,616
633.4115601,798
633.5657959,639
633.7200928,611
633.8743286,745
634.0285645,734
634.1827393,677
634.3369751,763
634.4912109,725
634.6453857,820
634.7995605,595
634.9537354,832
635.1079102,771
635.262085,770
635.4162598,608
635.5703735,729
635.7244873,808
635.8786621,729
636.0327759,763
636.1868896,770
636.3410034,754
636.4950562,766
636.6491699,854
636.8032227,741
636.9572754,681
637.1113892,687
637.2654419,843
637.4194336,781
637.5734863,738
637.7275391,770
637.8815308,847
638.0355225,881
638.1895752,740
638.3435669,805
638.4974976,635
638.6514893,745
638.805481,724
638.9594116,762
639.1134033,758
639.267334,725
639.4212646,598
639.5751953,694
639.7290649,731
639.8829956,773
640.0368652,712
640.1907959,711
640.3446655,723
640.4985352,577
640.6524048,630
640.8062744,636
640.960083,761
641.1139526,685
641.2677612,714
641.4215698,899
641.5753784,742
641.729187,614
641.8829956,538
642.0368042,689
642.1905518,649
642.3443604,829
642.4981079,775
642.6518555,817
642.805603,728
642.9593506,764
643.1130371,646
643.2667847,627
643.4204712,698
643.5742188,548
643.7279053,634
643.8815918,761
644.0352173,673
644.1889038,703
644.3425903,680
644.4962158,647
644.6498413,718
644.8034668,770
644.9570923,735
645.1107178,716
645.2643433,765
645.4179077,803
645.5715332,787
645.7250977,711
645.8786621,802
646.0322266,756
646.185791,673
646.3393555,735
646.4928589,747
646.6464233,831
646.7999268,634
646.9534302,854
647.1069336,753
647.260437,603
647.4139404,721
647.5673828,833
647.7208862,665
647.8743286,786
648.027771,657
648.1812134,678
648.3346558,820
648.4880981,658
648.6415405,699
648.7949219,740
648.9483032,671
649.1016846,694
649.2550659,745
649.4084473,703
649.5618286,726
649.71521,741
649.8685303,595
650.0219116,614
650.1752319,765
650.3285522,741
650.4818726,726
650.6351318,829
650.7884521,719
650.9417114,656
651.0950317,574
651.248291,695
651.4015503,612
651.5548096,755
651.7080688,870
651.8612671,727
652.0145264,837
652.1677246,660
652.3209229,733
652.4741211,729
652.6273193,685
652.7805176,780
652.9337158,716
653.086853,744
653.2400513,744
653.3931885,716
653.5463257,796
653.6994629,754
653.8525391,660
654.0056763,716
654.1588135,550
654.3118896,770
654.4649658,651
654.618042,688
654.7711182,668
654.9241943,681
655.0772705,677
655.2302856,795
655.3833008,654
655.536377,806
655.6893921,570
655.8424072,724
655.9953613,833
656.1483765,765
656.3013916,677
656.4543457,673
656.6072998,716
656.7602539,696
656.913208,720
657.0661621,726
657.2191162,540
657.3720093,664
657.5249023,744
657.6778564,650
657.8307495,783
657.9836426,622
658.1364746,754
658.2893677,786
658.4422607,737
658.5950928,591
658.7479248,887
658.9007568,663
659.0535889,649
659.2064209,866
659.3592529,707
659.5120239,655
659.664856,705
659.817627,676
659.9703979,713
660.1231689,617
660.2759399,673
660.4286499,718
660.5814209,736
660.7341309,736
660.8868408,646
661.0395508,678
661.1922607,799
661.3449707,634
661.4976807,756
661.6503296,577
661.8030396,831
661.9556885,689
662.1083374,689
662.2609863,782
662.4136353,554
662.5662231,665
662.7188721,740
662.87146,998
663.0240479,827
663.1766357,595
663.3292236,834
663.4818115,828
663.6343994,573
663.7869263,811
663.9395142,629
664.092041,725
664.2445679,772
664.3970947,742
664.5496216,831
664.7020874,788
664.8546143,730
665.0070801,710
665.1595459,681
665.3120117,553
665.4644775,716
665.6169434,673
665.7694092,655
665.921814,636
666.0742188,730
666.2266846,812
666.3790894,566
666.5314941,647
666.6838379,740
666.8362427,767
666.9885864,598
667.1409912,621
667.293335,773
667.4456787,680
667.5980225,699
667.7503662,683
667.9026489,670
668.0549927,640
668.2072754,684
668.3595581,677
668.5118408,889
668.6641235,675
668.8164063,662
668.968689,720
669.1209106,662
669.2731323,760
669.425354,915
669.5776367,635
669.7297974,714
669.882019,753
670.0342407,700
670.1864014,681
670.338562,789
670.4907837,621
670.6429443,786
670.795105,542
670.9472046,798
671.0993652,642
671.2514648,502
671.4036255,639
671.5557251,711
671.7078247,695
671.8599243,633
672.0119629,871
672.1640625,787
672.3161011,625
672.4682007,781
672.6202393,738
672.7722778,839
672.9243164,681
673.0762939,642
673.2283325,854
673.3803101,695
673.5322876,723
673.6843262,752
673.8363037,769
673.9882202,591
674.1401978,763
674.2921753,639
674.4440918,700
674.5960083,724
674.7479248,605
674.8998413,809
675.0517578,909
675.2036743,774
675.3555298,664
675.5074463,524
675.6593018,732
675.8111572,774
675.9630127,537
676.1148682,550
676.2666626,684
676.4185181,688
676.5703125,601
676.722168,746
676.8739624,825
677.0257568,714
677.1774902,706
677.3292847,736
677.4810181,759
677.6328125,638
677.7845459,591
677.9362793,631
678.0880127,826
678.2397461,657
678.3914185,881
678.5431519,539
678.6948242,753
678.8464966,585
678.9981689,702
679.1498413,618
679.3015137,757
679.453186,654
679.6047974,698
679.7564087,641
679.90802,727
680.0596313,786
680.2112427,757
680.362854,691
680.5144653,660
680.6660156,617
680.8175659,645
680.9691162,832
681.1206665,675
681.2722168,804
681.4237671,920
681.5753174,846
681.7268066,690
681.8782959,725
682.0297852,884
682.1812744,716
682.3327637,789
682.4842529,895
682.6356812,612
682.7871704,708
682.9385986,604
683.0900269,712
683.2414551,549
683.3928833,740
683.5442505,800
683.6956787,756
683.8470459,738
683.9984131,720
684.1498413,714
684.3011475,740
684.4525146,790
684.6038818,729
684.755188,640
684.9065552,721
685.0578613,714
685.2091675,609
685.3604736,746
685.5117188,630
685.6630249,680
685.8143311,659
685.9655762,700
686.1168213,697
686.2680664,699
686.4193115,640
686.5705566,825
686.7217407,688
686.8729858,628
687.0241699,741
687.175354,674
687.3265381,560
687.4777222,594
687.6288452,534
687.7800293,698
687.9311523,703
688.0823364,684
688.2334595,783
688.3845825,659
688.5357056,801
688.6867676,759
688.8378906,628
688.9889526,617
689.1400146,781
689.2910767,698
689.4421387,625
689.5932007,664
689.7442627,724
689.8952637,752
690.0462646,719
690.1973267,764
690.3483276,776
690.4993286,710
690.6502686,708
690.8012695,767
690.9522095,704
691.1032104,658
691.2541504,569
691.4050903,790
691.5560303,721
691.7069092,656
691.8578491,673
692.008728,812
692.159668,583
692.3105469,560
692.4614258,710
692.6123047,698
692.7631226,604
692.9140015,737
693.0648193,674
693.2156372,585
693.3664551,743
693.5172729,652
693.6680908,660
693.8189087,757
693.9696655,732
694.1204834,583
694.2712402,654
694.4219971,798
694.5727539,718
694.7235107,602
694.8742065,651
695.0249634,533
695.1756592,695
695.326355,781
695.4770508,527
695.6277466,633
695.7784424,678
695.9290771,701
696.0797729,632
696.2304077,707
696.3810425,528
696.5316772,681
696.682312,602
696.8328857,638
696.9835205,541
697.1340942,606
697.284729,572
697.4353027,651
697.5858765,735
697.7363892,726
697.8869629,753
698.0375366,600
698.1880493,885
698.338562,555
698.4890747,745
698.6395874,658
698.7901001,578
698.9405518,678
699.0910645,663
699.2415161,630
699.3919678,697
699.5424194,637
699.6928711,625
699.8433228,729
699.9937134,721
700.144165,538
700.2945557,636
700.4449463,632
700.5953369,606
700.7457275,646
700.8961182,689
701.0464478,626
701.1967773,738
701.347168,719
701.4974976,703
701.6478271,698
701.7980957,641
701.9484253,699
702.0986938,661
702.2490234,807
702.399292,669
702.5495605,608
702.6998291,647
702.8500977,606
703.0003052,503
703.1505737,584
703.3007813,672
703.4509888,811
703.6011963,649
703.7514038,653
703.9015503,836
704.0517578,742
704.2019043,621
704.3521118,612
704.5022583,608
704.6524048,686
704.8024902,665
704.9526367,548
705.1027222,642
705.2528687,756
705.4029541,679
705.5530396,562
705.703125,610
705.8532104,729
706.0032349,608
706.1533203,707
706.3033447,859
706.4533691,743
706.6033936,594
706.753418,720
706.9033813,617
707.0534058,605
707.2033691,791
707.3533936,779
707.5033569,520
707.6533203,644
707.8032227,666
707.953186,699
708.1031494,833
708.2530518,528
708.4029541,604
708.5528564,633
708.7027588,751
708.8526611,708
709.0025024,626
709.1524048,574
709.3022461,598
709.4520874,705
709.6019287,678
709.75177,575
709.9016113,573
710.0513916,575
710.2011719,650
710.3510132,687
710.5007935,759
710.6505737,670
710.800293,689
710.9500732,611
711.0998535,657
711.2495728,703
711.399292,809
711.5490112,662
711.6987305,835
711.8484497,648
711.9981079,643
712.1478271,764
712.2974854,659
712.4471436,717
712.5968018,706
712.74646,759
712.8961182,720
713.0457153,841
713.1953125,716
713.3449707,709
713.4945679,657
713.644165,702
713.7937012,652
713.9432983,720
714.0928345,618
714.2424316,632
714.3919678,695
714.5415039,746
714.69104,678
714.8405151,607
714.9900513,676
715.1395264,601
715.2890625,705
715.4385376,735
715.5880127,667
715.7374268,710
715.8869019,626
716.036377,768
716.185791,605
716.3352051,639
716.4846191,547
716.6340332,485
716.7834473,748
716.9328003,694
717.0822144,933
717.2315674,801
717.3809204,708
717.5302734,688
717.6796265,687
717.8289795,800
717.9782715,626
718.1276245,680
718.2769165,654
718.4262085,595
718.5755005,690
718.7247925,743
718.8740234,638
719.0233154,575
719.1725464,625
719.3217773,603
719.4710083,751
719.6202393,561
719.7694702,635
719.9186401,700
720.0678711,707
720.217041,633
720.3662109,668
720.5153809,657
720.6645508,650
720.8136597,629
720.9628296,562
721.1119385,740
721.2610474,598
721.4101563,739
721.5592651,778
721.708374,749
721.8574829,654
722.0065308,613
722.1555786,653
722.3046265,637
722.4536743,730
722.6027222,637
722.75177,676
722.9007568,612
723.0498047,680
723.1987915,751
723.3477783,774
723.4967651,602
723.645752,720
723.7946777,662
723.9436646,691
724.0925903,597
724.2415161,843
724.3904419,618
724.5393677,655
724.6882935,781
724.8371582,690
724.9860229,751
725.1349487,665
725.2838135,591
725.4326782,712
725.5814819,743
725.7303467,795
725.8791504,576
726.0280151,761
726.1768188,766
726.3256226,781
726.4744263,727
726.6231689,590
726.7719727,714
726.9207153,655
727.069519,624
727.2182617,693
727.3670044,661
727.515686,757
727.6644287,553
727.8131104,706
727.961853,678
728.1105347,656
728.2592163,672
728.4078979,656
728.5565796,629
728.7052002,723
728.8538208,706
729.0025024,752
729.151123,896
729.2997437,730
729.4483643,789
729.5969238,681
729.7455444,682
729.894104,664
730.0426636,599
730.1912231,640
730.3397827,686
730.4883423,655
730.6368408,602
730.7854004,661
730.9338989,736
731.0823975,751
731.230896,691
731.3793945,753
731.527832,782
731.6763306,638
731.8247681,657
731.9732056,723
732.1216431,638
732.2700806,705
732.4185181,735
732.5669556,768
732.715332,709
732.8637085,641
733.012085,604
733.1604614,689
733.3088379,618
733.4572144,626
733.6055298,718
733.7538452,764
733.9022217,658
734.0505371,623
734.1988525,715
734.3471069,673
734.4954224,682
734.6436768,749
734.7919312,673
734.9402466,665
735.0884399,724
735.2366943,653
735.3849487,652
735.5331421,516
735.6813965,716
735.8295898,698
735.9777832,612
736.1259766,646
736.2741089,544
736.4223022,704
736.5704346,731
736.7186279,678
736.8667603,631
737.0148926,786
737.1629639,588
737.3110962,677
737.4592285,695
737.6072998,1023
737.7553711,521
737.9034424,778
738.0515137,664
738.199585,667
738.3475952,633
738.4956055,632
738.6436768,617
738.791687,732
738.9396973,677
739.0876465,694
739.2356567,684
739.383667,746
739.5316162,750
739.6795654,656
739.8275146,637
739.9754639,710
740.1234131,683
740.2713013,597
740.4191895,634
740.5671387,730
740.7150269,601
740.862915,675
741.0107422,708
741.1586304,797
741.3064575,511
741.4543457,818
741.6021729,683
741.75,820
741.8978271,598
742.0455933,797
742.1934204,813
742.3411865,719
742.4889526,608
742.6367188,775
742.7844849,644
742.932251,704
743.0800171,675
743.2277222,624
743.3754272,643
743.5231323,648
743.6708374,736
743.8185425,789
743.9662476,724
744.1138916,633
744.2615967,774
744.4092407,608
744.5568848,744
744.7045288,618
744.8521118,658
744.9997559,747
745.1473389,616
745.2949829,690
745.4425659,781
745.5901489,569
745.7377319,689
745.8852539,654
746.0328369,711
746.1803589,608
746.3278809,732
746.4754028,736
746.6229248,687
746.7704468,627
746.9179077,620
747.0654297,610
747.2128906,652
747.3603516,569
747.5078125,707
747.6552124,812
747.8026733,733
747.9500732,536
748.0975342,734
748.2449341,755
748.392334,666
748.5397339,812
748.6870728,782
748.8344727,657
748.9818115,723
749.1291504,715
749.2764893,778
749.4238281,713
749.571167,770
749.7185059,691
749.8657837,711
750.0130615,635
750.1603394,608
750.3076172,701
750.454895,651
750.6021729,557
750.7493896,669
750.8966064,760
751.0438843,680
751.1911011,675
751.3382568,582
751.4854736,754
751.6326904,882
751.7798462,610
751.927002,689
752.0741577,583
752.2213135,763
752.3684692,765
752.515625,615
752.6627197,610
752.8098145,685
752.9569092,649
753.1040039,614
753.2510986,661
753.3981934,663
753.5452271,686
753.6923218,752
753.8393555,709
753.9863892,640
754.1334229,723
754.2803955,553
754.4274292,690
754.5744019,778
754.7214355,678
754.8684082,841
755.0153809,672
755.1622925,751
755.3092651,669
755.4561768,821
755.6031494,632
755.750061,744
755.8969727,725
756.0438843,768
756.1907349,706
756.3376465,728
756.4844971,572
756.6313477,782
756.7781982,724
756.9250488,689
757.0718994,666
757.218689,626
757.3655396,731
757.5123291,608
757.6591187,610
757.8059082,405
757.9526978,751
758.0994263,783
758.2462158,738
758.3929443,525
758.5396729,700
758.6864014,669
758.8331299,743
758.9798584,733
759.1265259,800
759.2732544,644
759.4199219,606
759.5665894,625
759.7132568,740
759.8598633,740
760.0065308,624
760.1531372,621
760.2998047,724
760.4464111,722
760.5930176,770
760.739563,662
760.8861694,632
761.0327759,786
761.1793213,675
761.3258667,605
761.4724121,675
761.6189575,634
761.7654419,615
761.9119873,675
762.0584717,574
762.2049561,653
762.3514404,661
762.4979248,743
762.6444092,723
762.7908936,709
762.9373169,612
763.0837402,666
763.2301636,685
763.3765869,553
763.5230103,628
763.6694336,630
763.8157959,647
763.9621582,782
764.1085205,630
764.2548828,696
764.4012451,585
764.5476074,717
764.6939087,785
764.840271,685
764.9865723,694
765.1328735,660
765.2791748,780
765.425415,702
765.5717163,690
765.7179565,673
765.8642578,630
766.010498,752
766.1567383,639
766.3029175,569
766.4491577,732
766.5953369,769
766.7415771,718
766.8877563,667
767.0339355,594
767.1800537,698
767.3262329,572
767.4724121,647
767.6185303,539
767.7646484,751
767.9107666,705
768.0568848,740
768.2029419,643
768.3490601,681
768.4951172,617
768.6412354,644
768.7872925,738
768.9332886,681
769.0793457,812
769.2254028,658
769.3713989,722
769.517395,507
769.6633911,664
769.8093872,666
769.9553833,659
770.1013794,563
770.2473145,575
770.3933105,716
770.5392456,707
770.6851807,693
770.8310547,697
770.9769897,719
771.1229248,738
771.2687988,751
771.4146729,668
771.5605469,712
771.7064209,741
771.8522949,599
771.9981079,631
772.1439209,664
772.2897949,616
772.4356079,720
772.5814209,519
772.7271729,715
772.8729858,598
773.0187378,624
773.1645508,624
773.3103027,879
773.4560547,621
773.6017456,719
773.7474976,820
773.8931885,714
774.0389404,785
774.1846313,848
774.3303223,671
774.4760132,714
774.6216431,595
774.767334,750
774.9129639,654
775.0585938,679
775.2042236,715
775.3498535,605
775.4954834,707
775.6410522,615
775.7866821,707
775.932251,639
776.0778198,638
776.2233887,1155
776.3688965,775
776.5144653,673
776.6599731,625
776.805542,627
776.9510498,887
777.0965576,635
777.2420044,602
777.3875122,724
777.532959,769
777.6784668,827
777.8239136,839
777.9693604,517
778.1148071,752
778.2601929,736
778.4056396,621
778.5510254,667
778.6964111,600
778.8417969,684
778.9871826,698
779.1325684,784
779.2778931,689
779.4232178,652
779.5686035,760
779.7139282,707
779.8592529,738
780.0045166,664
780.1498413,538
780.295105,522
780.4403687,641
780.5856323,711
780.730896,582
780.8761597,653
781.0214233,759
781.166626,824
781.3118286,655
781.4570313,675
781.6022339,800
781.7474365,715
781.8926392,752
782.0377808,701
782.1829224,665
782.328125,792
782.4732056,713
782.6183472,678
782.7634888,640
782.9085693,574
783.0537109,642
783.1987915,720
783.3438721,685
783.4889526,700
783.6339722,737
783.7790527,621
783.9240723,652
784.0690918,572
784.2141113,600
784.3591309,570
784.5041504,638
784.6491089,616
784.7941284,768
784.9390869,624
785.0840454,679
785.2290039,737
785.3739624,486
785.5188599,704
785.6638184,692
785.8087158,539
785.9536133,592
786.0985107,615
786.2434082,636
786.3882446,732
786.5331421,739
786.6779785,622
786.8228149,817
786.9676514,548
787.1124878,760
787.2572632,657
787.4020996,701
787.546875,866
787.6916504,522
787.8364258,760
787.9812012,718
788.1259766,822
788.2706909,587
788.4154053,785
788.5601807,778
788.704895,691
788.8495483,637
788.9942627,721
789.1389771,764
789.2836304,839
789.4282837,723
789.572937,640
789.7175903,780
789.8622437,738
790.0068359,841
790.1514893,651
790.2960815,754
790.4406738,632
790.5852661,569
790.7297974,614
790.8743896,643
791.0189209,593
791.1635132,584
791.3080444,760
791.4525757,663
791.5970459,699
791.7415771,604
791.8860474,664
792.0305786,648
792.1750488,543
792.319519,615
792.4639282,642
792.6083984,782
792.7528076,552
792.8972778,631
793.041687,785
793.1860962,769
793.3305054,787
793.4748535,664
793.6192627,641
793.7636108,774
793.907959,668
794.0523071,703
794.1966553,620
794.3409424,818
794.4852905,643
794.6295776,766
794.7738647,767
794.9181519,812
795.062439,679
795.2067261,611
795.3509521,755
795.4952393,727
795.6394653,646
795.7836914,641
795.9279175,635
796.0720825,673
796.2163086,603
796.3604736,625
796.5046387,756
796.6488037,605
796.7929688,716
796.9371338,793
797.0812988,752
797.2254028,802
797.3695068,698
797.5136108,706
797.6577148,708
797.8018188,710
797.9458618,545
798.0899658,651
798.2340088,813
798.3780518,656
798.5220947,671
798.6661377,628
798.8101196,717
798.9541626,710
799.0981445,812
799.2421265,743
799.3861084,722
799.5300903,770
799.6740112,609
799.8179932,638
799.9619141,769
800.105835,809
800.2497559,597
800.3936768,558
800.5375366,651
800.6814575,658
800.8253174,754
800.9691772,796
801.1130371,623
801.256897,711
801.4006958,687
801.5445557,689
801.6883545,728
801.8321533,645
801.9759521,593
802.119751,617
802.2635498,664
802.4072876,698
802.5510254,632
802.6947632,622
802.838501,698
802.9822388,760
803.1259766,715
803.2696533,604
803.4133911,871
803.5570679,643
803.7007446,694
803.8444214,543
803.9880371,796
804.1317139,635
804.2753296,705
804.4189453,729
804.562561,623
804.7061768,786
804.8497925,667
804.9933472,718
805.1369019,912
805.2805176,749
805.4240723,765
805.5675659,695
805.7111206,749
805.8546753,698
805.9981689,692
806.1416626,668
806.2851563,617
806.4286499,762
806.5721436,663
806.7155762,692
806.8590698,594
807.0025024,620
807.1459351,731
807.2893677,693
807.4327393,550
807.5761719,537
807.7195435,628
807.862915,731
808.0062866,646
808.1496582,817
808.2930298,634
808.4363403,734
808.5797119,611
808.7230225,579
808.866333,592
809.0096436,807
809.1529541,687
809.2962036,545
809.4394531,651
809.5827637,662
809.7260132,863
809.8692627,557
810.0124512,640
810.1557007,719
810.2988892,747
810.4420776,711
810.5852661,574
810.7284546,634
810.8716431,653
811.0148315,577
811.157959,651
811.3010864,729
811.4442139,833
811.5873413,600
811.7304688,674
811.8735352,593
812.0166626,622
812.159729,824
812.3027954,688
812.4458618,665
812.5889282,704
812.7319336,817
812.875,698
813.0180054,578
813.1610107,478
813.3040161,700
813.4469604,722
813.5899658,607
813.7329102,573
813.8759155,605
814.0188599,622
814.1618042,675
814.3046875,753
814.4476318,700
814.5905151,636
814.7333984,735
814.8762817,599
815.019165,760
815.1620483,682
815.3049316,678
815.4477539,745
815.5905762,651
815.7333984,628
815.8762207,661
816.019043,615
816.1618042,726
816.3046265,679
816.4473877,578
816.5901489,788
816.7329102,677
816.8756714,673
817.0183716,515
817.1611328,633
817.303833,594
817.4465332,728
817.5892334,638
817.7319336,895
817.8745728,670
818.0172119,755
818.1599121,692
818.3025513,789
818.4451904,589
818.5877686,697
818.7304077,701
818.8729858,822
819.015625,696
819.1582031,600
819.3007202,738
819.4432983,702
819.5858765,733
819.7283936,550
819.8709106,674
820.0134277,719
820.1559448,727
820.2984619,636
820.440918,651
820.5834351,783
820.7258911,467
820.8683472,709
821.0108032,726
821.1532593,749
821.2956543,883
821.4381104,619
821.5805054,742
821.7229004,801
821.8652954,732
822.0076294,791
822.1500244,709
822.2923584,937
822.4346924,536
822.5770264,702
822.7193604,685
822.8616943,760
823.0040283,720
823.1463013,634
823.2885742,697
823.4308472,806
823.5731201,608
823.7153931,612
823.857605,731
823.9998779,762
824.1420898,709
824.2843018,554
824.4265137,602
824.5686646,721
824.7108765,719
824.8530273,602
824.9951782,771
825.1373291,745
825.27948,752
825.4216309,613
825.5637207,731
825.7058716,635
825.8479614,584
825.9900513,824
826.1321411,706
826.2741699,619
826.4162598,621
826.5582886,738
826.7003174,602
826.8423462,629
826.984375,721
827.1264038,678
827.2683716,657
827.4103394,781
827.5523682,736
827.6943359,660
827.8362427,865
827.9782104,648
828.1201172,610
828.262085,742
828.4039917,602
828.5458984,698
828.6878052,702
828.8296509,751
828.9715576,777
829.1134033,723
829.255249,589
829.3970947,675
829.5389404,781
829.6807861,512
829.8225708,693
829.9643555,804
830.1061401,799
830.2479248,736
830.3897095,736
830.5314941,600
830.6732178,754
830.8149414,809
830.956665,796
831.0983887,660
831.2401123,790
831.3818359,739
831.5234985,586
831.6651611,492
831.8068237,692
831.9484863,733
832.0901489,735
832.2318115,565
832.3734131,738
832.5150146,618
832.6566162,654
832.7982178,777
832.9398193,634
833.0813599,885
833.2229614,759
833.364502,645
833.5060425,560
833.647583,623
833.7891235,694
833.930603,817
834.0721436,780
834.213623,758
834.3551025,851
834.496582,647
834.6380005,690
834.77948,662
834.9208984,683
835.0623169,507
835.2037354,635
835.3451538,705
835.4865723,743
835.6279297,545
835.7693481,563
835.9107056,623
836.052063,816
836.1934204,619
836.3347168,678
836.4760742,671
836.6173706,821
836.758667,736
836.8999634,735
837.0412598,673
837.1825562,711
837.3237915,708
837.4650269,586
837.6063232,763
837.7474976,616
837.8887329,665
838.0299683,520
838.1711426,653
838.3123779,573
838.4535522,750
838.5947266,724
838.7358398,726
838.8770142,638
839.0181274,716
839.1593018,697
839.300415,536
839.4415283,773
839.5825806,655
839.7236938,682
839.8647461,678
840.0057983,736
840.1469116,732
840.2879028,799
840.4289551,635
840.5700073,763
840.7109985,604
840.8519897,752
840.992981,639
841.1339722,659
841.2749634,701
841.4158936,696
841.5568848,798
841.6978149,629
841.8387451,623
841.9796753,744
842.1205444,652
842.2614746,591
842.4023438,578
842.5432129,721
842.684082,554
842.8249512,562
842.9658203,811
843.1066284,619
843.2474365,746
843.3883057,593
843.5291138,715
843.6698608,675
843.8106689,611
843.951416,603
844.0922241,748
844.2329712,679
844.3737183,829
844.5144043,659
844.6551514,689
844.7958374,616
844.9365845,575
845.0772705,606
845.2179565,657
845.3585815,764
845.4992676,598
845.6398926,825
845.7805176,677
845.9211426,556
846.0617676,646
846.2023926,681
846.3430176,824
846.4835815,666
846.6241455,688
846.7647095,773
846.9052734,794
847.0458374,704
847.1863403,723
847.3268433,740
847.4674072,754
847.6079102,803
847.7483521,574
847.888855,753
848.0292969,692
848.1697998,643
848.3102417,629
848.4506836,675
848.5911255,724
848.7315063,588
848.8719482,693
849.0123291,858
849.15271,679
849.2930908,700
849.4334717,824
849.5737915,760
849.7141724,673
849.8544922,525
849.994812,788
850.1351318,656
850.2754517,622
850.4157104,582
850.5559692,694
850.6962891,792
850.8365479,610
850.9767456,671
851.1170044,707
851.2572632,801
851.3974609,672
851.5376587,1463
851.6778564,659
851.8180542,709
851.958252,662
852.0983887,630
852.2385254,583
852.3787231,709
852.5187988,702
852.6589355,623
852.7990723,729
852.9391479,629
853.0792847,696
853.2193604,681
853.359436,887
853.4994507,602
853.6395264,690
853.779541,746
853.9196167,692
854.0596313,801
854.199585,803
854.3395996,883
854.4796143,775
854.6195679,664
854.7595215,674
854.8994751,637
855.0394287,673
855.1793823,621
855.3192749,618
855.4592285,675
855.5991211,672
855.7390137,648
855.8789063,600
856.0187378,807
856.1586304,751
856.2984619,632
856.4382935,742
856.578125,774
856.7179565,663
856.8577271,709
856.9975586,570
857.1373291,747
857.2770996,649
857.4168701,771
857.5566406,774
857.6963501,615
857.8361206,661
857.9758301,570
858.1155396,701
858.255249,739
858.3948975,811
858.5346069,834
858.6742554,625
858.8139038,662
858.9535522,747
859.0932007,747
859.2328491,567
859.3724365,716
859.512085,801
859.6516724,693
859.7912598,655
859.9308472,795
860.0703735,836
860.2099609,648
860.3494873,668
860.4890137,797
860.62854,809
860.7680664,758
860.9075317,822
861.0469971,728
861.1865234,790
861.3259888,562
861.4654541,661
861.6048584,667
861.7443237,602
861.883728,733
862.0231323,613
862.1625366,734
862.3019409,753
862.4413452,703
862.5806885,666
862.7200928,650
862.859436,711
862.9987793,650
863.1380615,581
863.2774048,731
863.416687,803
863.5560303,661
863.6953125,585
863.8345947,718
863.9738159,679
864.1130981,677
864.2523193,632
864.3916016,656
864.5308228,753
864.6699829,721
864.8092041,684
864.9484253,616
865.0875854,642
865.2267456,660
865.3659058,640
865.5050659,678
865.6442261,640
865.7833252,907
865.9224243,604
866.0615234,588
866.2006226,635
866.3397217,616
866.4788208,673
866.6178589,708
866.756897,782
866.8959351,853
867.0349731,810
867.1740112,740
867.3130493,882
867.4520264,743
867.5910034,696
867.7299805,629
867.8689575,724
868.0079346,585
868.1468506,695
868.2857666,620
868.4247437,644
868.5635986,608
868.7025146,604
868.8414307,679
868.9802856,650
869.1192017,732
869.2580566,772
869.3969116,692
869.5357056,721
869.6745605,675
869.8133545,746
869.9521484,680
870.0909424,694
870.2297363,842
870.3685303,667
870.5073242,601
870.6460571,840
870.78479,867
870.9235229,583
871.0622559,649
871.2009277,882
871.3396606,812
871.4783325,589
871.6170044,683
871.7556763,784
871.8943481,631
872.03302,818
872.1716309,776
872.3102417,715
872.4488525,782
872.5874634,713
872.7260742,719
872.864624,506
873.0032349,529
873.1417847,673
873.2803345,728
873.4188843,811
873.557373,659
873.6959229,586
873.8344116,784
873.9729004,706
874.1113892,581
874.2498779,621
874.3883057,671
874.5267944,684
874.6652222,649
874.8036499,744
874.9420776,638
875.0805054,645
875.2188721,664
875.3572998,784
875.4956665,624
875.6340332,693
875.7723999,640
875.9107056,620
876.0490723,640
876.1873779,638
876.3256836,782
876.4639893,702
876.6022949,690
876.7405396,734
876.8788452,563
877.0170898,741
877.1553345,755
877.2935791,693
877.4318237,757
877.5700073,633
877.708252,764
877.8464355,647
877.9846191,746
878.1228027,748
878.2609253,760
878.3991089,634
878.5372314,745
878.675354,625
878.8134766,768
878.9515991,704
879.0896606,617
879.2277832,658
879.3658447,586
879.5039063,718
879.6419678,760
879.7800293,804
879.9180298,661
880.0560913,671
880.1940918,629
880.3320923,750
880.4700928,756
880.6080322,646
880.7460327,685
880.8839722,642
881.0219116,779
881.1598511,652
881.2977905,735
881.4356689,720
881.5736084,669
881.7114868,665
881.8493652,706
881.9872437,633
882.125061,828
882.2629395,750
882.4007568,770
882.5385742,695
882.6763916,634
882.814209,738
882.9520264,655
883.0897827,835
883.2276001,601
883.3653564,755
883.5031128,795
