lambda,r
320.187,658
320.3548279,701
320.5229492,763
320.69104,834
320.8591614,726
321.0272522,653
321.195343,940
321.3634338,761
321.5315247,835
321.699585,865
321.8676453,820
322.0357056,718
322.2037659,690
322.3718262,793
322.539856,680
322.7079163,798
322.875946,609
323.0439758,721
323.2119751,790
323.3800049,716
323.5480042,669
323.7160339,786
323.8840027,744
324.052002,789
324.2200012,682
324.38797,816
324.5559387,819
324.7239075,818
324.8918762,762
325.059845,803
325.2277832,794
325.395752,845
325.5636902,849
325.7315979,853
325.8995361,751
326.0674744,821
326.2353821,842
326.4032898,780
326.5711975,892
326.7391052,897
326.9069824,616
327.0748596,821
327.2427673,820
327.410614,804
327.5784912,728
327.7463684,752
327.9142151,856
328.0820618,672
328.2499084,770
328.4177551,692
328.5856018,842
328.753418,740
328.9212341,904
329.0890503,907
329.2568665,794
329.4246826,971
329.5924683,726
329.7602539,796
329.9280396,635
330.0958252,743
330.2636108,885
330.431366,707
330.5991516,800
330.7669067,793
330.9346313,745
331.1023865,744
331.2701416,757
331.4378662,980
331.6055908,796
331.7733154,692
331.94104,682
332.1087341,708
332.2764587,606
332.4441528,834
332.6118469,884
332.7795105,1017
332.9472046,814
333.1148682,727
333.2825317,809
333.4501953,786
333.6178589,880
333.7855225,709
333.9531555,789
334.1207886,764
334.2884216,719
334.4560547,652
334.6236877,662
334.7912903,604
334.9588928,792
335.1264954,701
335.2940979,872
335.4617004,697
335.6292725,822
335.796875,844
335.964447,758
336.1319885,764
336.2995605,704
336.4671326,743
336.6346741,740
336.8022156,775
336.9697571,676
337.1372986,828
337.3048096,775
337.4723206,772
337.6398315,759
337.8073425,704
337.9748535,826
338.1423645,677
338.309845,754
338.4773254,647
338.6448059,600
338.8122864,715
338.9797363,716
339.1471863,801
339.3146667,859
339.4821167,664
339.6495361,603
339.8169861,738
339.9844055,800
340.151825,725
340.3192444,616
340.4866638,731
340.6540833,699
340.8214722,680
340.9888611,628
341.15625,844
341.3236389,747
341.4910278,783
341.6583862,654
341.8257446,702
341.993103,782
342.1604614,597
342.3278198,697
342.4951477,829
342.6624756,759
342.8298035,833
342.9971313,752
343.1644592,760
343.3317566,1046
343.499054,865
343.6663513,664
343.8336487,766
344.000946,954
344.1682129,751
344.3355103,722
344.5027771,808
344.6700439,803
344.8372803,851
345.0045471,819
345.1717834,839
345.3390198,730
345.5062561,785
345.6734924,725
345.8406982,819
346.0079041,731
346.1751099,603
346.3423157,670
346.5095215,700
346.6766968,689
346.8439026,699
347.0110779,711
347.1782532,765
347.3453979,788
347.5125732,616
347.679718,779
347.8468628,783
348.0140076,604
348.1811523,782
348.3482666,704
348.5154114,781
348.6825256,747
348.8496399,776
349.0167236,773
349.1838379,710
349.3509216,778
349.5180054,809
349.6850891,694
349.8521729,838
350.0192261,729
350.1863098,651
350.353363,754
350.5204163,605
350.6874695,695
350.8544922,704
351.0215149,783
351.1885376,763
351.3555603,834
351.522583,739
351.6896057,740
351.8565979,789
352.0235901,723
352.1905823,733
352.3575745,997
352.5245361,808
352.6915283,828
352.85849,913
353.0254517,762
353.1923828,716
353.3593445,668
353.5262756,608
353.6932068,692
353.8601379,637
354.0270691,760
354.1940002,760
354.3609009,652
354.5278015,642
354.6947021,722
354.8616028,700
355.0284729,758
355.1953735,872
355.3622437,827
355.5291138,879
355.6959839,652
355.8628235,725
356.0296631,812
356.1965332,739
356.3633423,717
356.5301819,784
356.6970215,722
356.8638306,860
357.0306396,877
357.1974487,746
357.3642578,748
357.5310364,797
357.6978455,716
357.864624,700
358.0314026,913
358.1981506,658
358.3649292,850
358.5316772,560
358.6984253,920
358.8651733,822
359.0319214,779
359.1986694,777
359.365387,700
359.5321045,794
359.698822,943
359.8655396,767
360.0322266,740
360.1989441,776
360.3656311,601
360.5323181,617
360.6989746,881
360.8656616,944
361.0323181,756
361.1989746,832
361.3656311,870
361.5322876,980
361.6989136,684
361.8655701,674
362.032196,738
362.198822,629
362.3654175,722
362.5320435,620
362.6986389,687
362.8652344,881
363.0318298,866
363.1984253,765
363.3649902,666
363.5315552,735
363.6981201,702
363.8646851,803
364.03125,798
364.1977844,761
364.3643494,721
364.5308838,841
364.6974182,837
364.8639221,765
365.0304565,658
365.1969604,792
365.3634644,696
365.5299683,716
365.6964722,714
365.8629456,829
366.0294189,872
366.1958923,690
366.3623657,722
366.5288391,699
366.695282,666
366.8617249,834
367.0281677,791
367.1946106,757
367.3610535,731
367.5274658,625
367.6938782,937
367.8602905,727
368.0267029,766
368.1931152,975
368.3594971,780
368.5258789,800
368.6922607,643
368.8586426,677
369.0250244,657
369.1913757,738
369.3577271,626
369.5240784,701
369.6904297,696
369.8567505,808
370.0231018,763
370.1894226,527
370.3557434,612
370.5220642,808
370.6883545,780
370.8546448,723
371.0209656,601
371.1872559,738
371.3535156,856
371.5198059,856
371.6860657,863
371.8523254,658
372.0185852,895
372.184845,694
372.3510742,880
372.5173035,593
372.6835632,785
372.849762,661
373.0159912,603
373.1822205,668
373.3484192,794
373.5146179,714
373.6808167,814
373.8469849,679
374.0131836,732
374.1793518,719
374.34552,651
374.5116882,531
374.6778259,801
374.8439941,842
375.0101318,903
375.1762695,621
375.3424072,805
375.5085144,662
375.6746521,631
375.8407593,737
376.0068665,750
376.1729736,778
376.3390503,811
376.5051575,741
376.6712341,646
376.8373108,525
377.0033875,715
377.1694336,821
377.3354797,634
377.5015259,789
377.667572,858
377.8336182,845
377.9996643,724
378.1656799,755
378.3316956,718
378.4977112,677
378.6637268,696
378.8297119,796
378.995697,599
379.1616821,597
379.3276672,722
379.4936523,776
379.6596069,668
379.8255615,765
379.9915161,682
380.1574707,695
380.3234253,664
380.4893494,734
380.6552734,694
380.8211975,667
380.9871216,843
381.1530457,786
381.3189392,703
381.4848328,855
381.6507263,697
381.8166199,825
381.9825134,771
382.1483765,793
382.3142395,735
382.4801025,842
382.6459656,838
382.8117981,725
382.9776306,918
383.1434631,759
383.3092957,589
383.4751282,719
383.6409302,750
383.8067627,683
383.9725647,737
384.1383667,796
384.3041382,737
384.4699402,679
384.6357117,785
384.8014832,740
384.9672546,768
385.1329956,656
385.2987671,743
385.4645081,746
385.630249,832
385.7959595,724
385.9617004,654
386.1274109,645
386.2931519,795
386.4588318,634
386.6245422,608
386.7902527,777
386.9559326,560
387.1216125,781
387.2872925,689
387.4529724,830
387.6186218,658
387.7842712,662
387.9499207,718
388.1155701,762
388.2812195,757
388.4468384,813
388.6124573,691
388.7780762,657
388.9436951,703
389.109314,698
389.2749023,736
389.4404907,591
389.6060791,732
389.7716675,933
389.9372253,635
390.1028137,588
390.2683716,569
390.4339294,790
390.5994568,846
390.7650146,789
390.930542,716
391.0960693,646
391.2615967,691
391.427124,811
391.5926208,712
391.7581177,688
391.9236145,667
392.0891113,579
392.2546082,857
392.4200745,628
392.5855408,662
392.7510071,677
392.9164734,621
393.0819397,708
393.2473755,746
393.4128113,765
393.5782471,788
393.7436829,748
393.9090881,740
394.0744934,777
394.2399292,786
394.405304,592
394.5707092,738
394.736084,612
394.9014893,706
395.066864,691
395.2322083,618
395.397583,739
395.5629272,720
395.728302,815
395.8936462,709
396.05896,695
396.2243042,669
396.3896179,744
396.5549316,829
396.7202454,790
396.8855591,739
397.0508423,648
397.216156,860
397.3814392,682
397.5467224,753
397.7119751,705
397.8772583,678
398.042511,772
398.2077637,755
398.3730164,738
398.5382385,786
398.7034607,773
398.8687134,754
399.0339355,685
399.1991272,807
399.3643494,773
399.529541,982
399.6947327,595
399.8599243,802
400.025116,765
400.1902771,806
400.3554382,567
400.5205994,951
400.6857605,849
400.8509216,754
401.0160522,701
401.1811829,709
401.3463135,677
401.5114441,736
401.6765747,757
401.8416748,786
402.0067749,624
402.171875,698
402.3369751,682
402.5020447,596
402.6671143,735
402.8321838,838
402.9972534,735
403.162323,783
403.3273621,844
403.4924316,659
403.6574707,715
403.8224792,817
403.9875183,729
404.1525269,782
404.3175354,687
404.4825439,713
404.6475525,882
404.8125305,724
404.9775391,559
405.1425171,681
405.3074951,772
405.4724426,675
405.6374207,736
405.8023682,759
405.9673157,820
406.1322632,728
406.2971802,621
406.4621277,688
406.6270447,683
406.7919617,748
406.9568481,662
407.1217651,668
407.2866516,696
407.4515381,713
407.6164246,590
407.781311,789
407.946167,682
408.1110229,816
408.2758789,720
408.4407349,747
408.6055908,610
408.7704163,803
408.9352417,664
409.1000671,816
409.2648926,905
409.4296875,779
409.5944824,635
409.7592773,708
409.9240723,706
410.0888672,660
410.2536316,747
410.4184265,617
410.5831909,734
410.7479248,819
410.9126892,824
411.0774231,655
411.242157,658
411.4068909,613
411.5716248,751
411.7363281,626
411.901062,905
412.0657654,685
412.2304688,706
412.3951416,759
412.559845,675
412.7245178,778
412.8891907,810
413.053833,703
413.2185059,791
413.3831482,629
413.5477905,629
413.7124329,519
413.8770752,615
414.041687,695
414.2063293,622
414.3709412,640
414.535553,773
414.7001343,637
414.8647156,629
415.0293274,681
415.1939087,600
415.3584595,712
415.5230408,628
415.6875916,730
415.8521423,796
416.0166931,626
416.1812439,618
416.3457642,596
416.5102844,997
416.6748047,712
416.839325,777
417.0038452,747
417.168335,702
417.3328247,752
417.4973145,718
417.6618042,682
417.8262634,749
417.9907227,615
418.1551819,642
418.3196411,831
418.4841003,633
418.6485291,892
418.8129578,809
418.9773865,717
419.1418152,845
419.3062439,762
419.4706421,800
419.6350403,726
419.7994385,732
419.9638367,748
420.1282043,679
420.292572,770
420.4569397,725
420.6213074,722
420.785675,622
420.9500122,857
421.1143494,849
421.2786865,660
421.4430237,905
421.6073303,685
421.771637,600
421.9359436,678
422.1002502,738
422.2645569,714
422.428833,634
422.5931091,668
422.7573853,625
422.9216614,671
423.085907,701
423.2501831,795
423.4144287,622
423.5786743,712
423.7428894,597
423.907135,842
424.0713501,761
424.2355652,645
424.3997803,756
424.5639648,640
424.7281494,751
424.892334,774
425.0565186,720
425.2207031,600
425.3848572,960
425.5490417,787
425.7131958,587
425.8773193,682
426.0414734,868
426.2055969,642
426.3697205,767
426.533844,765
426.6979675,717
426.8620605,730
427.0261841,761
427.1902771,817
427.3543701,822
427.5184326,772
427.6825256,709
427.8465881,672
428.0106506,782
428.1746826,725
428.3387451,774
428.5027771,810
428.6668091,664
428.8308411,619
428.9948425,686
429.1588745,763
429.322876,699
429.4868774,818
429.6508789,679
429.8148499,837
429.9788208,833
430.1428223,741
430.3067627,739
430.4707336,685
430.6346741,768
430.798645,708
430.9625854,708
431.1264954,737
431.2904358,820
431.4543457,766
431.6182556,842
431.7821655,684
431.9460754,730
432.1099548,736
432.2738342,693
432.4377136,809
432.601593,788
432.7654419,787
432.9293213,736
433.0931702,680
433.257019,804
433.4208374,630
433.5846863,659
433.7485046,734
433.912323,718
434.0761414,500
434.2399292,909
434.4037476,771
434.5675354,949
434.7312927,657
434.8950806,648
435.0588684,826
435.2226257,791
435.3863831,1020
435.5501099,848
435.7138672,682
435.877594,753
436.0413208,739
436.2050476,876
436.3687744,754
436.5324707,845
436.6961975,548
436.8598938,723
437.0235596,954
437.1872559,783
437.3509216,914
437.5145874,712
437.6782532,931
437.8419189,643
438.0055542,897
438.1691895,817
438.3328247,936
438.49646,631
438.6600952,791
438.8237,986
438.9873047,744
439.1509094,718
439.3145142,833
439.4780884,857
439.6416626,751
439.8052368,750
439.968811,907
440.1323547,806
440.295929,836
440.4594727,721
440.6230164,771
440.7865295,859
440.9500732,717
441.1135864,790
441.2770996,816
441.4406128,801
441.6040955,881
441.7675781,830
441.9310608,691
442.0945435,750
442.2580261,706
442.4214783,734
442.5849304,791
442.7483826,813
442.9118347,795
443.0752869,693
443.2387085,745
443.4021301,799
443.5655518,746
443.7289429,821
443.8923645,770
444.0557556,750
444.2191467,829
444.3825073,771
444.5458984,832
444.709259,765
444.8726196,795
445.0359802,804
445.1993408,867
445.3626709,838
445.526001,794
445.6893311,875
445.8526611,816
446.0159607,681
446.1792603,677
446.3425598,835
446.5058594,737
446.6691589,822
446.832428,812
446.995697,672
447.1589661,859
447.3222351,924
447.4854736,745
447.6487122,684
447.8119507,772
447.9751892,665
448.1384277,886
448.3016357,724
448.4648438,776
448.6280518,688
448.7912292,726
448.9544373,873
449.1176147,810
449.2807922,724
449.4439697,774
449.6071167,799
449.7702637,854
449.9334106,747
450.0965576,784
450.2597046,675
450.422821,955
450.5859375,649
450.749054,789
450.9121704,784
451.0752563,801
451.2383728,871
451.4014587,744
451.5645142,708
451.7276001,754
451.8906555,840
452.0537109,829
452.2167664,758
452.3798218,870
452.5428467,909
452.7059021,750
452.868927,702
453.0319214,815
453.1949463,689
453.3579407,818
453.5209351,697
453.6839294,923
453.8469238,809
454.0098877,680
454.1728516,841
454.3358154,750
454.4987793,751
454.6617126,856
454.824646,722
454.9875793,668
455.1505127,701
455.313446,729
455.4763489,644
455.6392517,733
455.8021545,864
455.9650574,674
456.1279297,748
456.290802,844
456.4536743,780
456.6165466,766
456.7794189,679
456.9422607,876
457.1051025,730
457.2679443,634
457.4307556,695
457.5935974,789
457.7564087,706
457.91922,659
458.0820313,775
458.244812,893
458.4075928,760
458.5703735,643
458.7331543,757
458.8959351,659
459.0586853,772
459.2214355,720
459.3841858,721
459.5469055,838
459.7096558,793
459.8723755,724
460.0350952,718
460.1978149,866
460.3605042,855
460.5231934,820
460.6858826,696
460.8485718,645
461.011261,839
461.1739197,803
461.3365784,836
461.4992371,816
461.6618958,730
461.8245239,783
461.9871521,735
462.1497803,720
462.3124084,740
462.4750366,787
462.6376343,711
462.8002319,765
462.9628296,742
463.1253967,734
463.2879944,761
463.4505615,805
463.6131287,808
463.7756653,651
463.9382324,819
464.100769,762
464.2633057,750
464.4258423,870
464.5883484,619
464.750885,775
464.9133911,765
465.0758972,823
465.2383728,809
465.4008789,763
465.5633545,751
465.7258301,802
465.8882751,847
466.0507507,756
466.2131958,775
466.3756409,749
466.5380859,717
466.7005005,745
466.8629456,516
467.0253601,739
467.1877441,778
467.3501587,762
467.5125427,854
467.6749573,686
467.8373108,689
467.9996948,701
468.1620789,709
468.3244324,705
468.4867859,587
468.6491394,668
468.8114624,778
468.9737854,830
469.1361084,724
469.2984314,707
469.4607544,904
469.6230469,759
469.7853394,733
469.9476318,742
470.1099243,817
470.2721863,722
470.4344788,729
470.5967407,774
470.7589722,611
470.9212341,686
471.0834656,705
471.245697,832
471.4079285,603
471.5701599,679
471.7323608,755
471.8945618,692
472.0567627,686
472.2189636,705
472.381134,683
472.5433044,621
472.7054749,936
472.8676453,701
473.0297852,778
473.1919556,843
473.3540955,810
473.5162354,766
473.6783447,686
473.8404541,651
474.002594,1039
474.1646729,679
474.3267822,793
474.4888611,851
474.6509705,779
474.8130493,763
474.9750977,649
475.1371765,750
475.2992249,671
475.4612732,879
475.6233215,749
475.7853394,778
475.9473877,739
476.1094055,687
476.2714233,781
476.4334106,814
476.5953979,763
476.7574158,667
476.9194031,699
477.0813599,768
477.2433472,701
477.405304,741
477.5672607,773
477.7292175,817
477.8911438,754
478.0530701,812
478.2149963,768
478.3769226,722
478.5388489,758
478.7007446,693
478.8626404,720
479.0245361,926
479.1864319,739
479.3482971,765
479.5101624,636
479.6720276,742
479.8338928,647
479.9957275,757
480.1575928,664
480.3194275,778
480.4812317,865
480.6430664,651
480.8048706,906
480.9666748,766
481.128479,789
481.2902832,728
481.4520569,735
481.6138306,877
481.7756042,813
481.9373779,820
482.0991211,722
482.2608643,933
482.4226074,722
482.5843506,780
482.7460632,838
482.9078064,753
483.069519,770
483.2312012,737
483.3929138,798
483.5545959,877
483.7162781,738
483.8779602,689
484.0396423,904
484.2012939,703
484.3629456,608
484.5245972,815
484.6862488,906
484.8478699,798
485.009491,805
485.1711121,736
485.3327332,697
485.4943237,863
485.6559448,883
485.8175354,728
485.9790955,830
486.140686,790
486.3022461,743
486.4638062,851
486.6253662,670
486.7869263,867
486.9484558,799
487.1099854,703
487.2715149,967
487.4330444,943
487.5945435,769
487.7560425,629
487.9175415,785
488.0790405,811
488.240509,857
488.4019775,774
488.563446,798
488.7249146,762
488.8863831,755
489.047821,654
489.209259,807
489.370697,829
489.5321045,849
489.6935425,809
489.85495,739
490.0163574,813
490.1777344,812
490.3391418,756
490.5005188,760
490.6618958,673
490.8232422,688
490.9846191,648
491.1459656,858
491.307312,794
491.4686584,650
491.6299744,786
491.7912903,796
491.9526062,827
492.1139221,545
492.275238,855
492.4365234,793
492.5978088,656
492.7590942,721
492.9203491,714
493.0816345,751
493.2428894,818
493.4041443,862
493.5653687,820
493.7266235,781
493.8878479,667
494.0490723,725
494.2102661,797
494.3714905,716
494.5326843,836
494.6938782,835
494.855072,690
495.0162354,814
495.1773987,844
495.338562,674
495.4997253,765
495.6608887,831
495.8220215,823
495.9831543,902
496.1442871,829
496.3053894,662
496.4665222,763
496.6276245,711
496.7886963,719
496.9497986,908
497.1108704,811
497.2719727,647
497.4330139,705
497.5940857,797
497.7551575,732
497.9161987,743
498.07724,717
498.2382507,734
498.399292,702
498.5603027,790
498.7213135,851
498.8823242,736
499.0433044,719
499.2042847,699
499.3652649,821
499.5262451,795
499.6872253,710
499.848175,717
500.0091248,789
500.1700745,794
500.3310242,781
500.4919434,863
500.6528625,652
500.8137817,760
500.9746704,745
501.1355896,726
501.2964783,751
501.4573669,662
501.6182556,776
501.7791138,802
501.9399719,689
502.1008301,711
502.2616882,717
502.4225159,758
502.5833435,825
502.7441711,628
502.9049988,741
503.0658264,632
503.2266235,785
503.3874207,720
503.5482178,734
503.7089844,944
503.869751,712
504.0305481,686
504.1912842,794
504.3520508,853
504.5127869,814
504.6735229,626
504.834259,807
504.9949951,783
505.1557007,950
505.3164063,901
505.4771118,795
505.6378174,811
505.7984924,799
505.9591675,711
506.1198425,926
506.2805176,757
506.4411621,743
506.6018066,689
506.7624512,785
506.9230957,837
507.0837402,754
507.2443542,693
507.4049683,676
507.5655518,768
507.7261658,690
507.8867493,681
508.0473328,656
508.2079163,800
508.3684692,758
508.5290527,805
508.6896057,808
508.8501587,762
509.0106812,628
509.1712036,681
509.3317566,718
509.4922485,776
509.652771,801
509.8132629,678
509.9737549,700
510.1342468,627
510.2947388,792
510.4552002,698
510.6156616,751
510.776123,740
510.9365845,881
511.0970154,694
511.2574463,763
511.4178772,801
511.5783081,744
511.7387085,626
511.8991394,835
512.0595093,809
512.2199097,808
512.3803101,756
512.5406494,761
512.7010498,753
512.8613892,808
513.0217285,640
513.1821289,720
513.3424683,896
513.5027466,716
513.6630859,842
513.8234253,902
513.9837036,850
514.144043,732
514.3043213,672
514.4645996,759
514.6248779,901
514.7851563,715
514.9454346,800
515.1056519,690
515.2659302,769
515.4261475,774
515.5864258,821
515.7466431,782
515.9068604,819
516.0670776,948
516.2272949,757
516.3874512,628
516.5476685,681
516.7078247,805
516.868042,884
517.0281982,728
517.1883545,898
517.3485107,930
517.508667,702
517.6687622,830
517.8289185,610
517.9890137,869
518.1491699,613
518.3092651,879
518.4693604,779
518.6294556,671
518.7895508,698
518.949585,746
519.1096802,751
519.2697754,751
519.4298096,821
519.5898438,797
519.7498779,691
519.9099121,699
520.0699463,701
520.2299805,820
520.3899536,672
520.5499878,585
520.7099609,627
520.8699951,754
521.0299683,718
521.1899414,700
521.3498535,932
521.5098267,651
521.6697998,759
521.8297119,701
521.9896851,758
522.1495972,806
522.3095093,781
522.4694214,977
522.6293335,780
522.7892456,805
522.9490967,819
523.1090088,782
523.2688599,688
523.428772,658
523.588623,624
523.7484741,791
523.9083252,803
524.0681763,664
524.2279663,803
524.3878174,742
524.5476074,879
524.7073975,867
524.8672485,694
525.0270386,741
525.1868286,695
525.3465576,689
525.5063477,769
525.6661377,685
525.8258667,736
525.9855957,703
526.1453247,750
526.3050537,780
526.4647827,810
526.6245117,846
526.7842407,749
526.9439087,673
527.1036377,630
527.2633057,859
527.4229736,721
527.5826416,856
527.7423096,748
527.9019775,729
528.0616455,723
528.2212524,812
528.3809204,772
528.5405273,834
528.7001343,756
528.8597412,823
529.0193481,736
529.1789551,658
529.338562,845
529.4981689,998
529.6577148,751
529.8172607,864
529.9768066,845
530.1364136,724
530.2959595,709
530.4554443,923
530.6149902,836
530.7745361,666
530.934021,648
531.0935059,814
531.2530518,899
531.4125366,684
531.5720215,871
531.7315063,928
531.8909302,737
532.050415,793
532.2098389,816
532.3693237,959
532.5287476,770
532.6881714,718
532.8475952,642
533.007019,838
533.1663818,685
533.3258057,841
533.4851685,727
533.6445923,791
533.8039551,781
533.9633179,690
534.1226807,756
534.2820435,963
534.4414063,667
534.600708,666
534.7600708,757
534.9193726,940
535.0786743,721
535.2379761,711
535.3972778,777
535.5565796,762
535.7158813,800
535.8751221,822
536.0344238,679
536.1936646,710
536.3529053,785
536.512207,816
536.6714478,755
536.8306274,743
536.9898682,801
537.1491089,678
537.3082886,688
537.4674683,801
537.626709,643
537.7858887,874
537.9450684,769
538.104248,870
538.2633667,738
538.4225464,755
538.581665,775
538.7408447,878
538.8999634,637
539.059082,819
539.2182007,791
539.3773193,855
539.536377,721
539.6954956,794
539.8546143,763
540.0136719,847
540.1727295,761
540.3317871,810
540.4908447,773
540.6499023,761
540.80896,783
540.9679565,768
541.1270142,657
541.2860107,806
541.4450073,872
541.6040039,873
541.7630005,796
541.9219971,734
542.0809937,641
542.2399292,760
542.3989258,822
542.5578613,832
542.7167969,861
542.8757324,722
543.034668,786
543.1936035,641
543.3525391,840
543.5114136,826
543.6703491,799
543.8292236,757
543.9880981,758
544.1469727,768
544.3058472,825
544.4647217,565
544.6235962,760
544.7824097,737
544.9412842,820
545.1000977,720
545.2589111,902
545.4177246,782
545.5765381,612
545.7353516,716
545.894165,704
546.0529175,749
546.211731,789
546.3704834,988
546.5292358,926
546.6879883,776
546.8467407,738
547.0054932,816
547.1641846,842
547.322937,785
547.4816284,836
547.6403809,947
547.7990723,908
547.9577637,619
548.1164551,772
548.2751465,908
548.4337769,873
548.5924683,720
548.7510986,879
548.909729,890
549.0684204,876
549.2270508,750
549.3856201,770
549.5442505,821
549.7028809,817
549.8614502,832
550.0200806,855
550.1786499,869
550.3372192,854
550.4957886,730
550.6543579,738
550.8129272,775
550.9714355,668
551.1300049,793
551.2885132,749
551.4470215,795
551.6055298,731
551.7640381,768
551.9225464,702
552.0810547,788
552.239563,919
552.3980103,735
552.5564575,740
552.7149658,729
552.8734131,820
553.0318604,637
553.1902466,759
553.3486938,886
553.5071411,678
553.6655273,868
553.8239746,934
553.9823608,693
554.1407471,799
554.2991333,701
554.4575195,778
554.6158447,835
554.774231,838
554.9325562,731
555.0908813,814
555.2492676,737
555.4075928,661
555.565918,831
555.7241821,875
555.8825073,809
556.0408325,720
556.1990967,714
556.3573608,707
556.515625,617
556.6738892,846
556.8321533,718
556.9904175,663
557.1486816,747
557.3068848,672
557.4651489,827
557.6233521,835
557.7815552,727
557.9397583,679
558.0979614,648
558.2561646,695
558.4143066,713
558.5725098,781
558.7306519,751
558.8887939,842
559.046936,765
559.2050781,814
559.3632202,616
559.5213623,703
559.6794434,809
559.8375854,930
559.9956665,805
560.1537476,812
560.3118896,785
560.4699097,830
560.6279907,777
560.7860718,782
560.9441528,740
561.1021729,808
561.2601929,719
561.4182129,756
561.5762329,695
561.7342529,864
561.8922729,982
562.050293,809
562.208252,732
562.366272,703
562.524231,664
562.6821899,817
562.8401489,870
562.9981079,866
563.1560669,751
563.3139648,790
563.4719238,778
563.6298218,773
563.7877808,923
563.9456787,803
564.1035767,713
564.2614136,755
564.4193115,722
564.5772095,841
564.7350464,733
564.8929443,704
565.0507813,751
565.2086182,691
565.3664551,890
565.524292,630
565.6820679,832
565.8399048,681
565.9976807,681
566.1555176,993
566.3132935,633
566.4710693,774
566.6288452,718
566.7866211,752
566.9443359,828
567.1021118,874
567.2598267,881
567.4175415,689
567.5753174,808
567.7330322,856
567.890686,685
568.0484009,732
568.2061157,742
568.3637695,818
568.5214844,702
568.6791382,782
568.836792,706
568.9944458,833
569.1520996,723
569.3096924,767
569.4673462,799
569.625,853
569.7825928,684
569.9401855,731
570.0977783,723
570.2553711,793
570.4129639,682
570.5704956,716
570.7280884,697
570.8856201,845
571.0432129,766
571.2007446,789
571.3582764,720
571.5158081,816
571.6733398,630
571.8308105,779
571.9883423,842
572.145813,780
572.3032837,852
572.4607544,659
572.6182251,781
572.7756958,717
572.9331665,742
573.0906372,790
573.2480469,899
573.4054565,828
573.5629272,850
573.7203369,757
573.8777466,697
574.0350952,759
574.1925049,844
574.3499146,755
574.5072632,858
574.6646118,892
574.8219604,733
574.9793091,738
575.1366577,851
575.2940063,759
575.451355,726
575.6086426,930
575.7659912,775
575.9232788,769
576.0805664,745
576.237854,921
576.3951416,853
576.5523682,687
576.7096558,838
576.8669434,678
577.0241699,784
577.1813965,1286
577.338623,753
577.4958496,737
577.6530762,669
577.8103027,794
577.9674683,721
578.1246338,704
578.2818604,754
578.4390259,900
578.5961914,827
578.7533569,906
578.9105225,772
579.067627,757
579.2247925,784
579.381897,799
579.5390015,843
579.696106,1050
579.8532104,836
580.0103149,782
580.1674194,815
580.3244629,951
580.4815674,643
580.6386108,696
580.7956543,719
580.9526978,821
581.1097412,855
581.2667847,743
581.4238281,860
581.5808105,729
581.737854,916
581.8948364,901
582.0518188,771
582.2088013,712
582.3657837,952
582.5227661,1002
582.6796875,834
582.8366699,951
582.9935913,946
583.1505127,838
583.3074341,919
583.4643555,965
583.6212769,909
583.7781982,923
583.9350586,981
584.09198,807
584.2488403,892
584.4057007,962
584.562561,895
584.7194214,864
584.8762817,1013
585.0330811,1022
585.1899414,1083
585.3467407,849
585.50354,962
585.6604004,1020
585.8171387,821
585.973938,977
586.1307373,854
586.2875366,1095
586.4442749,880
586.6010132,1008
586.7577515,988
586.9144897,931
587.071228,991
587.2279663,1064
587.3847046,1092
587.5413818,1070
587.6981201,1151
587.8547974,1127
588.0114746,1148
588.1681519,1244
588.3248291,1051
588.4815063,1297
588.6381226,1183
588.7947998,1020
588.951416,1092
589.1080322,1151
589.2646484,1180
589.4212646,1167
589.5778809,1058
589.734436,1182
589.8910522,1353
590.0476074,1270
590.2042236,1335
590.3607788,1243
590.517334,1135
590.6738892,1168
590.8303833,1251
590.9869385,1417
591.1434326,1311
591.2999878,1419
591.4564819,1326
591.6129761,1263
591.7694702,1324
591.9259644,1329
592.0823975,1403
592.2388916,1335
592.3953247,1149
592.5517578,1312
592.708252,1372
592.8646851,1391
593.0210571,1573
593.1774902,1402
593.3339233,1266
593.4902954,1392
593.6467285,1357
593.8031006,1422
593.9594727,1549
594.1158447,1519
594.2721558,1504
594.4285278,1506
594.5848999,1467
594.7412109,1428
594.897522,1651
595.053833,1468
595.210144,1503
595.3664551,1515
595.5227661,1552
595.6790771,1559
595.8353271,1540
595.9915771,1443
596.1478882,1471
596.3041382,1430
596.4603882,1561
596.6165771,1546
596.7728271,1529
596.9290161,1441
597.0852661,1675
597.2414551,1616
597.397644,1753
597.553833,1930
597.710022,1954
597.8662109,1911
598.0223389,2020
598.1785278,1884
598.3346558,1921
598.4907837,1911
598.6469116,1707
598.8030396,1836
598.9591675,1840
599.1152954,1704
599.2713623,1707
599.4274902,1731
599.5835571,1628
599.739624,1746
599.8956909,1638
600.0517578,1877
600.2078247,1599
600.3638306,1804
600.5198975,1725
600.6759033,1809
600.8319092,1809
600.987915,1809
601.1439209,1830
601.2999268,1882
601.4558716,1898
601.6118774,1898
601.7678223,1738
601.9237671,1759
602.0797729,1875
602.2356567,1665
602.3916016,1723
602.5475464,1843
602.7034912,1947
602.859375,1823
603.0152588,1964
603.1711426,1909
603.3270264,1953
603.4829102,1757
603.6387939,1817
603.7946777,2102
603.9505005,1948
604.1063843,2178
604.262207,1852
604.4180298,2032
604.5738525,1971
604.7296753,2030
604.885437,1907
605.0412598,1964
605.1970215,1976
605.3527832,1757
605.508606,1849
605.6643677,1999
605.8200684,1992
605.9758301,1876
606.1315918,2010
606.2872925,1968
606.4429932,1999
606.5987549,1914
606.7544556,2190
606.9101563,2169
607.0657959,2312
607.2214966,2363
607.3771973,2633
607.5328369,2675
607.6884766,3006
607.8441162,3544
607.9997559,4633
608.1553955,5894
608.3110352,6871
608.4666138,7627
608.6222534,8118
608.777832,7766
608.9334106,7041
609.0889893,6503
609.2445679,5869
609.4001465,5201
609.5556641,4517
609.7112427,3944
609.8667603,3611
610.0223389,3220
610.1778564,2994
610.333374,2930
610.4888306,2742
610.6443481,2689
610.7998657,2640
610.9553223,2799
611.1107788,2921
611.2662354,3001
611.4216919,3202
611.5771484,3424
611.732605,3563
611.8880005,4330
612.043457,4832
612.1988525,6117
612.354248,7846
612.5096436,10057
612.6650391,11591
612.8204346,13652
612.9758301,14826
613.1311646,15501
613.286499,15550
613.4418945,14989
613.597229,13902
613.7525635,12941
613.9078979,11514
614.0631714,10359
614.2185059,9250
614.3737793,8161
614.5290527,7324
614.6843872,6633
614.8396606,6033
614.994873,5309
615.1501465,4794
615.3054199,4416
615.4606323,4008
615.6158447,3902
615.7711182,3576
615.9263306,3533
616.081543,3390
616.2366943,3126
616.3919067,3091
616.5470581,3202
616.7022705,3134
616.8574219,2963
617.0125732,3055
617.1677246,3199
617.322876,2871
617.4780273,3033
617.6331177,3131
617.788208,3023
617.9433594,2895
618.0984497,3027
618.25354,3184
618.4086304,3181
618.5636597,3223
618.71875,3257
618.8737793,3505
619.0288696,3532
619.1838989,3696
619.3389282,3649
619.4939575,3548
619.6489868,3518
619.8039551,3558
619.9589844,3344
620.1139526,3276
620.2689209,3136
620.4238892,2929
620.5788574,2957
620.7338257,2968
620.8887939,2942
621.0437012,3188
621.1986694,3304
621.3535767,3282
621.5084839,3068
621.6633911,3279
621.8182983,3050
621.9731445,2952
622.1280518,2873
622.2828979,2904
622.4378052,2703
622.5926514,2893
622.7474976,3120
622.9023438,3044
623.0571289,3162
623.2119751,3243
623.3667603,3368
623.5216064,3290
623.6763916,3482
623.8311768,3353
623.9859619,3337
624.1407471,3660
624.2954712,3663
624.4502563,3633
624.6049805,3604
624.7597046,3788
624.9144287,3616
625.0691528,3635
625.223877,3484
625.3786011,3660
625.5332642,3706
625.6879883,3814
625.8426514,3923
625.9973145,4060
626.1519775,3972
626.3066406,4039
626.4613037,3935
626.6159058,3907
626.7705688,3900
626.9251709,3884
627.0797729,4041
627.234375,3853
627.3889771,3983
627.5435791,4054
627.6981201,3982
627.8527222,4428
628.0072632,4488
628.1618042,4503
628.3163452,4989
628.4708862,5079
628.6254272,5312
628.7799683,6020
628.9344482,6289
629.0889893,6886
629.2434692,8031
629.3979492,9230
629.5524292,11166
629.7069092,14172
629.8613281,17239
630.0158081,22055
630.1702271,26091
630.324646,30239
630.4790649,32686
630.6334839,33621
630.7879028,33439
630.9423218,31695
631.0967407,29699
631.2510986,27031
631.4054565,24470
631.5598145,21461
631.7141724,18661
631.8685303,16439
632.0228882,14219
632.1771851,12173
632.331543,11206
632.4858398,9678
632.6401367,8671
632.7944336,8035
632.9487305,7196
633.1030273,6803
633.2573242,6401
633.4115601,6581
633.5657959,6467
633.7200928,6828
633.8743286,7885
634.0285645,9214
634.1827393,11812
634.3369751,15265
634.4912109,19278
634.6453857,22064
634.7995605,24281
634.9537354,24414
635.1079102,23606
635.262085,21677
635.4162598,19698
635.5703735,17372
635.7244873,15405
635.8786621,13313
636.0327759,11562
636.1868896,10045
636.3410034,9030
636.4950562,8116
636.6491699,7150
636.8032227,6173
636.9572754,5716
637.1113892,5189
637.2654419,4920
637.4194336,4537
637.5734863,4084
637.7275391,4008
637.8815308,3628
638.0355225,3564
638.1895752,3240
638.3435669,3072
638.4974976,2870
638.6514893,2724
638.805481,2624
638.9594116,2578
639.1134033,2444
639.267334,2263
639.4212646,2018
639.5751953,2000
639.7290649,1907
639.8829956,2038
640.0368652,1919
640.1907959,1935
640.3446655,1948
640.4985352,1823
640.6524048,1881
640.8062744,1805
640.960083,1913
641.1139526,1872
641.2677612,1837
641.4215698,1956
641.5753784,1736
641.729187,1492
641.8829956,1506
642.0368042,1572
642.1905518,1548
642.3443604,1668
642.4981079,1580
642.6518555,1503
642.805603,1436
642.9593506,1440
643.1130371,1472
643.2667847,1300
643.4204712,1375
643.5742188,1264
643.7279053,1342
643.8815918,1468
644.0352173,1426
644.1889038,1421
644.3425903,1306
644.4962158,1309
644.6498413,1404
644.8034668,1441
644.9570923,1312
645.1107178,1453
645.2643433,1370
645.4179077,1572
645.5715332,1480
645.7250977,1518
645.8786621,1756
646.0322266,2091
646.185791,2084
646.3393555,2516
646.4928589,3355
646.6464233,4164
646.7999268,4939
646.9534302,6132
647.1069336,6918
647.260437,7271
647.4139404,7418
647.5673828,7059
647.7208862,6370
647.8743286,5995
648.027771,5161
648.1812134,4419
648.3346558,4009
648.4880981,3553
648.6415405,3047
648.7949219,2592
648.9483032,2393
649.1016846,2112
649.2550659,2004
649.4084473,1683
649.5618286,1734
649.71521,1552
649.8685303,1416
650.0219116,1416
650.1752319,1491
650.3285522,1323
650.4818726,1354
650.6351318,1524
650.7884521,1230
650.9417114,1389
651.0950317,1305
651.248291,1365
651.4015503,1514
651.5548096,1485
651.7080688,1738
651.8612671,1688
652.0145264,1716
652.1677246,1533
652.3209229,1616
652.4741211,1495
652.6273193,1444
652.7805176,1418
652.9337158,1298
653.086853,1484
653.2400513,1251
653.3931885,1314
653.5463257,1351
653.6994629,1171
653.8525391,1102
654.0056763,1267
654.1588135,921
654.3118896,1063
654.4649658,993
654.618042,1139
654.7711182,1015
654.9241943,944
655.0772705,971
655.2302856,1066
655.3833008,1097
655.536377,1207
655.6893921,984
655.8424072,1003
655.9953613,1273
656.1483765,1222
656.3013916,1069
656.4543457,1060
656.6072998,1205
656.7602539,1140
656.913208,1091
657.0661621,1084
657.2191162,888
657.3720093,808
657.5249023,1006
657.6778564,949
657.8307495,1114
657.9836426,930
658.1364746,1016
658.2893677,917
658.4422607,872
658.5950928,869
658.7479248,1149
658.9007568,956
659.0535889,822
659.2064209,1030
659.3592529,890
659.5120239,886
659.664856,942
659.817627,857
659.9703979,947
660.1231689,949
660.2759399,847
660.4286499,1001
660.5814209,904
660.7341309,899
660.8868408,918
661.0395508,917
661.1922607,914
661.3449707,920
661.4976807,861
661.6503296,715
661.8030396,886
661.9556885,825
662.1083374,816
662.2609863,940
662.4136353,755
662.5662231,827
662.7188721,762
662.87146,1056
663.0240479,952
663.1766357,735
663.3292236,933
663.4818115,999
663.6343994,722
663.7869263,890
663.9395142,757
664.092041,788
664.2445679,843
664.3970947,865
664.5496216,969
664.7020874,990
664.8546143,832
665.0070801,845
665.1595459,698
665.3120117,616
665.4644775,819
665.6169434,850
665.7694092,750
665.921814,775
666.0742188,838
666.2266846,955
666.3790894,691
666.5314941,737
666.6838379,821
666.8362427,943
666.9885864,761
667.1409912,851
667.293335,862
667.4456787,882
667.5980225,693
667.7503662,724
667.9026489,761
668.0549927,785
668.2072754,901
668.3595581,796
668.5118408,912
668.6641235,832
668.8164063,842
668.968689,880
669.1209106,798
669.2731323,916
669.425354,1024
669.5776367,769
669.7297974,968
669.882019,1099
670.0342407,970
670.1864014,972
670.338562,1024
670.4907837,806
670.6429443,813
670.795105,743
670.9472046,882
671.0993652,854
671.2514648,731
671.4036255,804
671.5557251,885
671.7078247,817
671.8599243,717
672.0119629,973
672.1640625,814
672.3161011,708
672.4682007,910
672.6202393,898
672.7722778,960
672.9243164,723
673.0762939,732
673.2283325,931
673.3803101,735
673.5322876,768
673.6843262,875
673.8363037,860
673.9882202,697
674.1401978,843
674.2921753,700
674.4440918,743
674.5960083,816
674.7479248,658
674.8998413,851
675.0517578,1058
675.2036743,761
675.3555298,840
675.5074463,635
675.6593018,889
675.8111572,783
675.9630127,616
676.1148682,700
676.2666626,689
676.4185181,706
676.5703125,687
676.722168,772
676.8739624,872
677.0257568,816
677.1774902,703
677.3292847,869
677.4810181,752
677.6328125,724
677.7845459,670
677.9362793,707
678.0880127,898
678.2397461,684
678.3914185,886
678.5431519,671
678.6948242,743
678.8464966,657
678.9981689,816
679.1498413,711
679.3015137,803
679.453186,745
679.6047974,702
679.7564087,694
679.90802,835
680.0596313,825
680.2112427,814
680.362854,783
680.5144653,663
680.6660156,673
680.8175659,744
680.9691162,911
681.1206665,759
681.2722168,823
681.4237671,870
681.5753174,858
681.7268066,793
681.8782959,777
682.0297852,767
682.1812744,747
682.3327637,831
682.4842529,944
682.6356812,702
682.7871704,745
682.9385986,545
683.0900269,725
683.2414551,670
683.3928833,699
683.5442505,740
683.6956787,756
683.8470459,758
683.9984131,711
684.1498413,635
684.3011475,768
684.4525146,794
684.6038818,743
684.755188,685
684.9065552,741
685.0578613,814
685.2091675,623
685.3604736,705
685.5117188,686
685.6630249,746
685.8143311,699
685.9655762,729
686.1168213,738
686.2680664,681
686.4193115,591
686.5705566,923
686.7217407,670
686.8729858,661
687.0241699,786
687.175354,721
687.3265381,663
687.4777222,591
687.6288452,678
687.7800293,713
687.9311523,812
688.0823364,749
688.2334595,723
688.3845825,757
688.5357056,818
688.6867676,724
688.8378906,744
688.9889526,629
689.1400146,782
689.2910767,811
689.4421387,680
689.5932007,758
689.7442627,730
689.8952637,769
690.0462646,775
690.1973267,770
690.3483276,781
690.4993286,751
690.6502686,686
690.8012695,801
690.9522095,707
691.1032104,714
691.2541504,651
691.4050903,855
691.5560303,686
691.7069092,689
691.8578491,739
692.008728,855
692.159668,729
692.3105469,643
692.4614258,746
692.6123047,655
692.7631226,717
692.9140015,772
693.0648193,653
693.2156372,653
693.3664551,721
693.5172729,676
693.6680908,716
693.8189087,848
693.9696655,820
694.1204834,620
694.2712402,716
694.4219971,860
694.5727539,694
694.7235107,724
694.8742065,644
695.0249634,546
695.1756592,768
695.326355,765
695.4770508,636
695.6277466,696
695.7784424,685
695.9290771,742
696.0797729,630
696.2304077,722
696.3810425,634
696.5316772,740
696.682312,573
696.8328857,713
696.9835205,681
697.1340942,657
697.284729,540
697.4353027,692
697.5858765,740
697.7363892,752
697.8869629,690
698.0375366,620
698.1880493,856
698.338562,624
698.4890747,716
698.6395874,621
698.7901001,626
698.9405518,712
699.0910645,700
699.2415161,666
699.3919678,698
699.5424194,643
699.6928711,644
699.8433228,718
699.9937134,831
700.144165,587
700.2945557,681
700.4449463,628
700.5953369,537
700.7457275,701
700.8961182,661
701.0464478,612
701.1967773,714
701.347168,672
701.4974976,752
701.6478271,750
701.7980957,640
701.9484253,765
702.0986938,618
702.2490234,784
702.399292,745
702.5495605,552
702.6998291,742
702.8500977,671
703.0003052,598
703.1505737,592
703.3007813,708
703.4509888,823
703.6011963,639
703.7514038,675
703.9015503,786
704.0517578,804
704.2019043,617
704.3521118,589
704.5022583,603
704.6524048,717
704.8024902,688
704.9526367,564
705.1027222,560
705.2528687,793
705.4029541,724
705.5530396,724
705.703125,592
705.8532104,642
706.0032349,666
706.1533203,722
706.3033447,862
706.4533691,710
706.6033936,607
706.753418,721
706.9033813,647
707.0534058,679
707.2033691,785
707.3533936,759
707.5033569,510
707.6533203,651
707.8032227,687
707.953186,656
708.1031494,777
708.2530518,571
708.4029541,573
708.5528564,717
708.7027588,804
708.8526611,716
709.0025024,613
709.1524048,634
709.3022461,614
709.4520874,686
709.6019287,732
709.75177,668
709.9016113,657
710.0513916,627
710.2011719,689
710.3510132,616
710.5007935,752
710.6505737,612
710.800293,649
710.9500732,634
711.0998535,592
711.2495728,758
711.399292,786
711.5490112,668
711.6987305,845
711.8484497,808
711.9981079,671
712.1478271,689
712.2974854,692
712.4471436,730
712.5968018,818
712.74646,639
712.8961182,738
713.0457153,774
713.1953125,731
713.3449707,735
713.4945679,605
713.644165,797
713.7937012,663
713.9432983,697
714.0928345,693
714.2424316,714
714.3919678,676
714.5415039,755
714.69104,720
714.8405151,616
714.9900513,639
715.1395264,678
715.2890625,599
715.4385376,760
715.5880127,648
715.7374268,713
715.8869019,563
716.036377,783
716.185791,632
716.3352051,708
716.4846191,608
716.6340332,645
716.7834473,647
716.9328003,734
717.0822144,944
717.2315674,780
717.3809204,592
717.5302734,641
717.6796265,621
717.8289795,678
717.9782715,642
718.1276245,644
718.2769165,660
718.4262085,542
718.5755005,667
718.7247925,723
718.8740234,694
719.0233154,542
719.1725464,575
719.3217773,595
719.4710083,725
719.6202393,671
719.7694702,655
719.9186401,641
720.0678711,683
720.217041,750
720.3662109,669
720.5153809,707
720.6645508,598
720.8136597,573
720.9628296,613
721.1119385,770
721.2610474,647
721.4101563,749
721.5592651,750
721.708374,772
721.8574829,587
722.0065308,571
722.1555786,604
722.3046265,641
722.4536743,616
722.6027222,673
722.75177,591
722.9007568,628
723.0498047,668
723.1987915,740
723.3477783,760
723.4967651,709
723.645752,608
723.7946777,604
723.9436646,716
724.0925903,640
724.2415161,746
724.3904419,684
724.5393677,678
724.6882935,912
724.8371582,780
724.9860229,743
725.1349487,742
725.2838135,621
725.4326782,712
725.5814819,794
725.7303467,767
725.8791504,589
726.0280151,710
726.1768188,716
726.3256226,845
726.4744263,687
726.6231689,636
726.7719727,737
726.9207153,728
727.069519,576
727.2182617,649
727.3670044,700
727.515686,738
727.6644287,528
727.8131104,746
727.961853,642
728.1105347,668
728.2592163,665
728.4078979,666
728.5565796,653
728.7052002,631
728.8538208,680
729.0025024,734
729.151123,881
729.2997437,736
729.4483643,795
729.5969238,596
729.7455444,737
729.894104,676
730.0426636,604
730.1912231,663
730.3397827,604
730.4883423,740
730.6368408,612
730.7854004,618
730.9338989,753
731.0823975,766
731.230896,700
731.3793945,796
731.527832,783
731.6763306,636
731.8247681,637
731.9732056,714
732.1216431,706
732.2700806,731
732.4185181,810
732.5669556,744
732.715332,733
732.8637085,577
733.012085,625
733.1604614,683
733.3088379,600
733.4572144,678
733.6055298,732
733.7538452,784
733.9022217,675
734.0505371,642
734.1988525,649
734.3471069,646
734.4954224,778
734.6436768,709
734.7919312,709
734.9402466,572
735.0884399,677
735.2366943,681
735.3849487,634
735.5331421,422
735.6813965,740
735.8295898,698
735.9777832,526
736.1259766,671
736.2741089,569
736.4223022,674
736.5704346,641
736.7186279,615
736.8667603,671
737.0148926,612
737.1629639,621
737.3110962,614
737.4592285,757
737.6072998,1061
737.7553711,596
737.9034424,756
738.0515137,619
738.199585,626
738.3475952,612
738.4956055,676
738.6436768,634
738.791687,759
738.9396973,669
739.0876465,636
739.2356567,720
739.383667,647
739.5316162,687
739.6795654,676
739.8275146,566
739.9754639,698
740.1234131,697
740.2713013,661
740.4191895,738
740.5671387,689
740.7150269,645
740.862915,660
741.0107422,598
741.1586304,821
741.3064575,578
741.4543457,838
741.6021729,692
741.75,691
741.8978271,652
742.0455933,823
742.1934204,825
742.3411865,734
742.4889526,615
742.6367188,770
742.7844849,707
742.932251,776
743.0800171,625
743.2277222,589
743.3754272,717
743.5231323,695
743.6708374,712
743.8185425,768
743.9662476,648
744.1138916,662
744.2615967,783
744.4092407,664
744.5568848,798
744.7045288,636
744.8521118,617
744.9997559,749
745.1473389,486
745.2949829,707
745.4425659,834
745.5901489,586
745.7377319,740
745.8852539,735
746.0328369,753
746.1803589,671
746.3278809,667
746.4754028,774
746.6229248,649
746.7704468,666
746.9179077,621
747.0654297,581
747.2128906,583
747.3603516,590
747.5078125,679
747.6552124,780
747.8026733,772
747.9500732,575
748.0975342,753
748.2449341,707
748.392334,638
748.5397339,754
748.6870728,859
748.8344727,580
748.9818115,779
749.1291504,681
749.2764893,747
749.4238281,655
749.571167,796
749.7185059,627
749.8657837,686
750.0130615,629
750.1603394,535
750.3076172,620
750.454895,673
750.6021729,571
750.7493896,694
750.8966064,707
751.0438843,738
751.1911011,644
751.3382568,517
751.4854736,755
751.6326904,829
751.7798462,595
751.927002,584
752.0741577,618
752.2213135,657
752.3684692,674
752.515625,623
752.6627197,764
752.8098145,753
752.9569092,616
753.1040039,553
753.2510986,633
753.3981934,644
753.5452271,714
753.6923218,632
753.8393555,668
753.9863892,662
754.1334229,674
754.2803955,537
754.4274292,682
754.5744019,766
754.7214355,561
754.8684082,937
755.0153809,722
755.1622925,755
755.3092651,711
755.4561768,822
755.6031494,638
755.750061,769
755.8969727,729
756.0438843,759
756.1907349,667
756.3376465,705
756.4844971,620
756.6313477,832
756.7781982,711
756.9250488,697
757.0718994,652
757.218689,668
757.3655396,686
757.5123291,633
757.6591187,632
757.8059082,512
757.9526978,728
758.0994263,735
758.2462158,788
758.3929443,646
758.5396729,650
758.6864014,708
758.8331299,705
758.9798584,718
759.1265259,743
759.2732544,669
759.4199219,746
759.5665894,652
759.7132568,783
759.8598633,699
760.0065308,638
760.1531372,665
760.2998047,708
760.4464111,763
760.5930176,775
760.739563,685
760.8861694,616
761.0327759,846
761.1793213,749
761.3258667,623
761.4724121,616
761.6189575,586
761.7654419,741
761.9119873,592
762.0584717,655
762.2049561,640
762.3514404,763
762.4979248,720
762.6444092,684
762.7908936,603
762.9373169,550
763.0837402,709
763.2301636,758
763.3765869,630
763.5230103,559
763.6694336,593
763.8157959,606
763.9621582,857
764.1085205,663
764.2548828,809
764.4012451,672
764.5476074,651
764.6939087,838
764.840271,703
764.9865723,618
765.1328735,608
765.2791748,781
765.425415,769
765.5717163,803
765.7179565,779
765.8642578,664
766.010498,784
766.1567383,642
766.3029175,649
766.4491577,705
766.5953369,672
766.7415771,670
766.8877563,607
767.0339355,508
767.1800537,630
767.3262329,630
767.4724121,623
767.6185303,597
767.7646484,692
767.9107666,615
768.0568848,767
768.2029419,717
768.3490601,730
768.4951172,638
768.6412354,723
768.7872925,731
768.9332886,702
769.0793457,833
769.2254028,623
769.3713989,769
769.517395,621
769.6633911,705
769.8093872,638
769.9553833,643
770.1013794,578
770.2473145,504
770.3933105,684
770.5392456,681
770.6851807,631
770.8310547,683
770.9769897,754
771.1229248,672
771.2687988,718
771.4146729,677
771.5605469,793
771.7064209,749
771.8522949,574
771.9981079,657
772.1439209,620
772.2897949,658
772.4356079,648
772.5814209,571
772.7271729,684
772.8729858,586
773.0187378,679
773.1645508,630
773.3103027,867
773.4560547,662
773.6017456,695
773.7474976,719
773.8931885,719
774.0389404,803
774.1846313,783
774.3303223,683
774.4760132,705
774.6216431,571
774.767334,673
774.9129639,667
775.0585938,699
775.2042236,728
775.3498535,677
775.4954834,696
775.6410522,637
775.7866821,667
775.932251,598
776.0778198,674
776.2233887,1124
776.3688965,802
776.5144653,593
776.6599731,617
776.805542,653
776.9510498,848
777.0965576,593
777.2420044,568
777.3875122,776
777.532959,780
777.6784668,834
777.8239136,748
777.9693604,562
778.1148071,802
778.2601929,664
778.4056396,609
778.5510254,658
778.6964111,659
778.8417969,693
778.9871826,706
779.1325684,658
779.2778931,743
779.4232178,571
779.5686035,692
779.7139282,719
779.8592529,717
780.0045166,703
780.1498413,557
780.295105,556
780.4403687,705
780.5856323,728
780.730896,549
780.8761597,654
781.0214233,648
781.166626,798
781.3118286,620
781.4570313,604
781.6022339,743
781.7474365,720
781.8926392,691
782.0377808,620
782.1829224,696
782.328125,721
782.4732056,726
782.6183472,673
782.7634888,646
782.9085693,624
783.0537109,650
783.1987915,695
783.3438721,634
783.4889526,669
783.6339722,650
783.7790527,641
783.9240723,665
784.0690918,575
784.2141113,664
784.3591309,619
784.5041504,614
784.6491089,664
784.7941284,789
784.9390869,536
785.0840454,575
785.2290039,763
785.3739624,488
785.5188599,706
785.6638184,778
785.8087158,589
785.9536133,679
786.0985107,714
786.2434082,603
786.3882446,689
786.5331421,654
786.6779785,715
786.8228149,733
786.9676514,571
787.1124878,740
787.2572632,649
787.4020996,677
787.546875,758
787.6916504,557
787.8364258,836
787.9812012,742
788.1259766,678
788.2706909,607
788.4154053,770
788.5601807,748
788.704895,741
788.8495483,661
788.9942627,697
789.1389771,733
789.2836304,856
789.4282837,714
789.572937,686
789.7175903,776
789.8622437,688
790.0068359,820
790.1514893,677
790.2960815,779
790.4406738,560
790.5852661,586
790.7297974,634
790.8743896,740
791.0189209,637
791.1635132,536
791.3080444,759
791.4525757,619
791.5970459,592
791.7415771,566
791.8860474,638
792.0305786,671
792.1750488,545
792.319519,696
792.4639282,581
792.6083984,787
792.7528076,463
792.8972778,644
793.041687,806
793.1860962,782
793.3305054,793
793.4748535,559
793.6192627,612
793.7636108,707
793.907959,661
794.0523071,696
794.1966553,683
794.3409424,754
794.4852905,703
794.6295776,754
794.7738647,764
794.9181519,753
795.062439,625
795.2067261,583
795.3509521,823
795.4952393,714
795.6394653,622
795.7836914,638
795.9279175,651
796.0720825,637
796.2163086,609
796.3604736,593
796.5046387,669
796.6488037,665
796.7929688,622
796.9371338,686
797.0812988,790
797.2254028,604
797.3695068,652
797.5136108,747
797.6577148,723
797.8018188,725
797.9458618,602
798.0899658,698
798.2340088,767
798.3780518,643
798.5220947,642
798.6661377,595
798.8101196,761
798.9541626,709
799.0981445,853
799.2421265,695
799.3861084,627
799.5300903,810
799.6740112,620
799.8179932,632
799.9619141,651
800.105835,807
800.2497559,663
800.3936768,614
800.5375366,650
800.6814575,645
800.8253174,791
800.9691772,705
801.1130371,681
801.256897,745
801.4006958,606
801.5445557,709
801.6883545,748
801.8321533,680
801.9759521,582
802.119751,607
802.2635498,718
802.4072876,750
802.5510254,674
802.6947632,599
802.838501,739
802.9822388,695
803.1259766,605
803.2696533,695
803.4133911,915
803.5570679,745
803.7007446,829
803.8444214,550
803.9880371,801
804.1317139,599
804.2753296,692
804.4189453,750
804.562561,579
804.7061768,732
804.8497925,649
804.9933472,746
805.1369019,767
805.2805176,735
805.4240723,674
805.5675659,608
805.7111206,721
805.8546753,593
805.9981689,729
806.1416626,721
806.2851563,694
806.4286499,736
806.5721436,664
806.7155762,660
806.8590698,522
807.0025024,593
807.1459351,804
807.2893677,686
807.4327393,606
807.5761719,515
807.7195435,652
807.862915,660
808.0062866,707
808.1496582,805
808.2930298,699
808.4363403,686
808.5797119,624
808.7230225,647
808.866333,522
809.0096436,767
809.1529541,673
809.2962036,640
809.4394531,711
809.5827637,681
809.7260132,897
809.8692627,542
810.0124512,642
810.1557007,589
810.2988892,832
810.4420776,736
810.5852661,563
810.7284546,611
810.8716431,714
811.0148315,670
811.157959,680
811.3010864,713
811.4442139,779
811.5873413,729
811.7304688,593
811.8735352,624
812.0166626,816
812.159729,811
812.3027954,694
812.4458618,694
812.5889282,732
812.7319336,860
812.875,649
813.0180054,601
813.1610107,567
813.3040161,756
813.4469604,734
813.5899658,590
813.7329102,582
813.8759155,691
814.0188599,654
814.1618042,661
814.3046875,707
814.4476318,731
814.5905151,653
814.7333984,741
814.8762817,580
815.019165,659
815.1620483,689
815.3049316,754
815.4477539,722
815.5905762,630
815.7333984,623
815.8762207,642
816.019043,543
816.1618042,741
816.3046265,607
816.4473877,525
816.5901489,747
816.7329102,661
816.8756714,658
817.0183716,545
817.1611328,768
817.303833,563
817.4465332,660
817.5892334,745
817.7319336,908
817.8745728,718
818.0172119,767
818.1599121,678
818.3025513,748
818.4451904,478
818.5877686,741
818.7304077,587
818.8729858,821
819.015625,744
819.1582031,605
819.3007202,694
819.4432983,773
819.5858765,714
819.7283936,550
819.8709106,682
820.0134277,743
820.1559448,670
820.2984619,617
820.440918,741
820.5834351,757
820.7258911,593
820.8683472,703
821.0108032,646
821.1532593,746
821.2956543,818
821.4381104,618
821.5805054,721
821.7229004,731
821.8652954,767
822.0076294,695
822.1500244,681
822.2923584,894
822.4346924,583
822.5770264,713
822.7193604,699
822.8616943,728
823.0040283,771
823.1463013,657
823.2885742,544
823.4308472,783
823.5731201,670
823.7153931,607
823.857605,728
823.9998779,774
824.1420898,719
824.2843018,607
824.4265137,741
824.5686646,716
824.7108765,755
824.8530273,669
824.9951782,721
825.1373291,758
825.27948,670
825.4216309,661
825.5637207,664
825.7058716,620
825.8479614,577
825.9900513,839
826.1321411,710
826.2741699,638
826.4162598,692
826.5582886,816
826.7003174,671
826.8423462,655
826.984375,739
827.1264038,708
827.2683716,796
827.4103394,783
827.5523682,827
827.6943359,611
827.8362427,800
827.9782104,672
828.1201172,673
828.262085,657
828.4039917,591
828.5458984,724
828.6878052,666
828.8296509,702
828.9715576,672
829.1134033,655
829.255249,626
829.3970947,555
829.5389404,787
829.6807861,582
829.8225708,729
829.9643555,767
830.1061401,699
830.2479248,763
830.3897095,743
830.5314941,668
830.6732178,811
830.8149414,783
830.956665,791
831.0983887,651
831.2401123,842
831.3818359,717
831.5234985,591
831.6651611,533
831.8068237,615
831.9484863,749
832.0901489,780
832.2318115,689
832.3734131,788
832.5150146,683
832.6566162,660
832.7982178,812
832.9398193,694
833.0813599,792
833.2229614,849
833.364502,618
833.5060425,652
833.647583,651
833.7891235,724
833.930603,760
834.0721436,739
834.213623,752
834.3551025,853
834.496582,638
834.6380005,676
834.77948,639
834.9208984,650
835.0623169,526
835.2037354,677
835.3451538,706
835.4865723,849
835.6279297,579
835.7693481,593
835.9107056,584
836.052063,817
836.1934204,628
836.3347168,729
836.4760742,728
836.6173706,824
836.758667,778
836.8999634,818
837.0412598,664
837.1825562,688
837.3237915,676
837.4650269,597
837.6063232,709
837.7474976,600
837.8887329,646
838.0299683,608
838.1711426,622
838.3123779,658
838.4535522,792
838.5947266,667
838.7358398,706
838.8770142,627
839.0181274,725
839.1593018,698
839.300415,561
839.4415283,841
839.5825806,673
839.7236938,696
839.8647461,659
840.0057983,746
840.1469116,772
840.2879028,762
840.4289551,626
840.5700073,817
840.7109985,657
840.8519897,736
840.992981,675
841.1339722,657
841.2749634,778
841.4158936,764
841.5568848,820
841.6978149,609
841.8387451,584
841.9796753,775
842.1205444,730
842.2614746,588
842.4023438,646
842.5432129,732
842.684082,627
842.8249512,617
842.9658203,814
843.1066284,655
843.2474365,768
843.3883057,589
843.5291138,776
843.6698608,597
843.8106689,619
843.951416,578
844.0922241,758
844.2329712,664
844.3737183,838
844.5144043,687
844.6551514,633
844.7958374,687
844.9365845,648
845.0772705,659
845.2179565,547
845.3585815,704
845.4992676,705
845.6398926,790
845.7805176,687
845.9211426,655
846.0617676,674
846.2023926,664
846.3430176,805
846.4835815,611
846.6241455,763
846.7647095,685
846.9052734,850
847.0458374,670
847.1863403,747
847.3268433,695
847.4674072,764
847.6079102,757
847.7483521,561
847.888855,757
848.0292969,683
848.1697998,594
848.3102417,644
848.4506836,632
848.5911255,690
848.7315063,605
848.8719482,631
849.0123291,710
849.15271,672
849.2930908,583
849.4334717,790
849.5737915,697
849.7141724,627
849.8544922,532
849.994812,793
850.1351318,641
850.2754517,554
850.4157104,625
850.5559692,666
850.6962891,846
850.8365479,694
850.9767456,693
851.1170044,758
851.2572632,883
851.3974609,665
851.5376587,1451
851.6778564,736
851.8180542,669
851.958252,635
852.0983887,592
852.2385254,621
852.3787231,664
852.5187988,668
852.6589355,625
852.7990723,676
852.9391479,574
853.0792847,592
853.2193604,730
853.359436,858
853.4994507,640
853.6395264,711
853.779541,712
853.9196167,591
854.0596313,787
854.199585,780
854.3395996,753
854.4796143,744
854.6195679,709
854.7595215,663
854.8994751,604
855.0394287,640
855.1793823,628
855.3192749,664
855.4592285,619
855.5991211,592
855.7390137,624
855.8789063,560
856.0187378,854
856.1586304,753
856.2984619,622
856.4382935,708
856.578125,728
856.7179565,709
856.8577271,666
856.9975586,663
857.1373291,648
857.2770996,676
857.4168701,774
857.5566406,811
857.6963501,585
857.8361206,682
857.9758301,620
858.1155396,769
858.255249,655
858.3948975,768
858.5346069,779
858.6742554,652
858.8139038,632
858.9535522,791
859.0932007,642
859.2328491,577
859.3724365,754
859.512085,774
859.6516724,729
859.7912598,667
859.9308472,718
860.0703735,739
860.2099609,617
860.3494873,634
860.4890137,773
860.62854,735
860.7680664,761
860.9075317,780
861.0469971,747
861.1865234,712
861.3259888,629
861.4654541,640
861.6048584,570
861.7443237,687
861.883728,724
862.0231323,572
862.1625366,638
862.3019409,721
862.4413452,705
862.5806885,728
862.7200928,708
862.859436,661
862.9987793,580
863.1380615,702
863.2774048,638
863.416687,712
863.5560303,690
863.6953125,542
863.8345947,743
863.9738159,669
864.1130981,616
864.2523193,601
864.3916016,725
864.5308228,711
864.6699829,758
864.8092041,674
864.9484253,648
865.0875854,602
865.2267456,709
865.3659058,677
865.5050659,609
865.6442261,706
865.7833252,917
865.9224243,584
866.0615234,616
866.2006226,606
866.3397217,611
866.4788208,716
866.6178589,700
866.756897,780
866.8959351,819
867.0349731,819
867.1740112,750
867.3130493,842
867.4520264,788
867.5910034,687
867.7299805,671
867.8689575,719
868.0079346,595
868.1468506,708
868.2857666,659
868.4247437,573
868.5635986,575
868.7025146,607
868.8414307,660
868.9802856,629
869.1192017,758
869.2580566,727
869.3969116,615
869.5357056,824
869.6745605,682
869.8133545,767
869.9521484,731
870.0909424,743
870.2297363,834
870.3685303,725
870.5073242,675
870.6460571,809
870.78479,881
870.9235229,535
871.0622559,696
871.2009277,743
871.3396606,836
871.4783325,594
871.6170044,675
871.7556763,836
871.8943481,649
872.03302,730
872.1716309,693
872.3102417,707
872.4488525,754
872.5874634,790
872.7260742,757
872.864624,624
873.0032349,567
873.1417847,673
873.2803345,709
873.4188843,870
873.557373,656
873.6959229,619
873.8344116,780
873.9729004,740
874.1113892,697
874.2498779,606
874.3883057,587
874.5267944,626
874.6652222,652
874.8036499,680
874.9420776,607
875.0805054,621
875.2188721,633
875.3572998,886
875.4956665,768
875.6340332,663
875.7723999,662
875.9107056,646
876.0490723,641
876.1873779,688
876.3256836,717
876.4639893,753
876.6022949,589
876.7405396,766
876.8788452,570
877.0170898,760
877.1553345,666
877.2935791,750
877.4318237,699
877.5700073,683
877.708252,782
877.8464355,703
877.9846191,721
878.1228027,681
878.2609253,677
878.3991089,557
878.5372314,849
878.675354,602
878.8134766,684
878.9515991,674
879.0896606,506
879.2277832,690
879.3658447,579
879.5039063,740
879.6419678,769
879.7800293,767
879.9180298,755
880.0560913,725
880.1940918,656
880.3320923,640
880.4700928,699
880.6080322,693
880.7460327,704
880.8839722,704
881.0219116,762
881.1598511,727
881.2977905,838
881.4356689,728
881.5736084,700
881.7114868,615
881.8493652,749
881.9872437,647
882.125061,816
882.2629395,718
882.4007568,729
882.5385742,702
882.6763916,727
882.814209,692
882.9520264,607
883.0897827,880
883.2276001,543
883.3653564,747
883.5031128,742
