lambda;rgb
320.1867065;724
320.3548279;730
320.5229492;732
320.69104;839
320.8591614;883
321.0272522;698
321.195343;889
321.3634338;752
321.5315247;767
321.699585;863
321.8676453;787
322.0357056;716
322.2037659;798
322.3718262;763
322.539856;793
322.7079163;775
322.875946;722
323.0439758;867
323.2119751;859
323.3800049;732
323.5480042;631
323.7160339;859
323.8840027;781
324.052002;849
324.2200012;730
324.38797;779
324.5559387;885
324.7239075;814
324.8918762;886
325.059845;827
325.2277832;821
325.395752;786
325.5636902;895
325.7315979;855
325.8995361;737
326.0674744;884
326.2353821;805
326.4032898;749
326.5711975;785
326.7391052;934
326.9069824;720
327.0748596;818
327.2427673;908
327.410614;828
327.5784912;733
327.7463684;782
327.9142151;821
328.0820618;622
328.2499084;772
328.4177551;764
328.5856018;813
328.753418;890
328.9212341;911
329.0890503;916
329.2568665;800
329.4246826;1042
329.5924683;675
329.7602539;871
329.9280396;686
330.0958252;764
330.2636108;837
330.431366;755
330.5991516;821
330.7669067;823
330.9346313;758
331.1023865;752
331.2701416;819
331.4378662;934
331.6055908;781
331.7733154;675
331.94104;730
332.1087341;741
332.2764587;663
332.4441528;874
332.6118469;879
332.7795105;1057
332.9472046;834
333.1148682;817
333.2825317;919
333.4501953;823
333.6178589;912
333.7855225;775
333.9531555;814
334.1207886;801
334.2884216;773
334.4560547;634
334.6236877;745
334.7912903;625
334.9588928;816
335.1264954;724
335.2940979;969
335.4617004;748
335.6292725;840
335.796875;840
335.964447;816
336.1319885;760
336.2995605;870
336.4671326;818
336.6346741;836
336.8022156;902
336.9697571;782
337.1372986;909
337.3048096;829
337.4723206;760
337.6398315;789
337.8073425;709
337.9748535;830
338.1423645;792
338.309845;856
338.4773254;680
338.6448059;662
338.8122864;809
338.9797363;684
339.1471863;740
339.3146667;856
339.4821167;653
339.6495361;756
339.8169861;876
339.9844055;842
340.151825;658
340.3192444;680
340.4866638;792
340.6540833;712
340.8214722;649
340.9888611;719
341.15625;806
341.3236389;860
341.4910278;820
341.6583862;750
341.8257446;725
341.993103;773
342.1604614;702
342.3278198;690
342.4951477;801
342.6624756;832
342.8298035;898
342.9971313;761
343.1644592;837
343.3317566;964
343.499054;868
343.6663513;711
343.8336487;774
344.000946;964
344.1682129;746
344.3355103;726
344.5027771;757
344.6700439;851
344.8372803;842
345.0045471;869
345.1717834;919
345.3390198;756
345.5062561;781
345.6734924;805
345.8406982;824
346.0079041;719
346.1751099;620
346.3423157;730
346.5095215;732
346.6766968;712
346.8439026;769
347.0110779;798
347.1782532;853
347.3453979;806
347.5125732;682
347.679718;836
347.8468628;761
348.0140076;596
348.1811523;809
348.3482666;785
348.5154114;840
348.6825256;720
348.8496399;868
349.0167236;882
349.1838379;760
349.3509216;878
349.5180054;952
349.6850891;710
349.8521729;881
350.0192261;778
350.1863098;703
350.353363;820
350.5204163;627
350.6874695;666
350.8544922;705
351.0215149;911
351.1885376;796
351.3555603;889
351.522583;863
351.6896057;798
351.8565979;937
352.0235901;740
352.1905823;684
352.3575745;1033
352.5245361;989
352.6915283;930
352.85849;960
353.0254517;762
353.1923828;830
353.3593445;698
353.5262756;539
353.6932068;722
353.8601379;721
354.0270691;809
354.1940002;765
354.3609009;701
354.5278015;773
354.6947021;796
354.8616028;766
355.0284729;740
355.1953735;864
355.3622437;814
355.5291138;884
355.6959839;799
355.8628235;718
356.0296631;804
356.1965332;813
356.3633423;814
356.5301819;829
356.6970215;755
356.8638306;916
357.0306396;854
357.1974487;697
357.3642578;708
357.5310364;803
357.6978455;746
357.864624;583
358.0314026;972
358.1981506;676
358.3649292;905
358.5316772;583
358.6984253;865
358.8651733;688
359.0319214;772
359.1986694;820
359.365387;795
359.5321045;792
359.698822;984
359.8655396;802
360.0322266;652
360.1989441;865
360.3656311;614
360.5323181;550
360.6989746;899
360.8656616;914
361.0323181;868
361.1989746;849
361.3656311;791
361.5322876;955
361.6989136;751
361.8655701;646
362.032196;646
362.198822;707
362.3654175;641
362.5320435;637
362.6986389;647
362.8652344;813
363.0318298;799
363.1984253;756
363.3649902;684
363.5315552;709
363.6981201;752
363.8646851;781
364.03125;748
364.1977844;706
364.3643494;666
364.5308838;872
364.6974182;898
364.8639221;870
365.0304565;717
365.1969604;735
365.3634644;734
365.5299683;737
365.6964722;729
365.8629456;780
366.0294189;799
366.1958923;643
366.3623657;660
366.5288391;748
366.695282;678
366.8617249;803
367.0281677;737
367.1946106;822
367.3610535;768
367.5274658;701
367.6938782;921
367.8602905;742
368.0267029;683
368.1931152;876
368.3594971;888
368.5258789;832
368.6922607;713
368.8586426;709
369.0250244;652
369.1913757;836
369.3577271;658
369.5240784;690
369.6904297;622
369.8567505;754
370.0231018;804
370.1894226;627
370.3557434;593
370.5220642;803
370.6883545;861
370.8546448;748
371.0209656;679
371.1872559;752
371.3535156;783
371.5198059;898
371.6860657;898
371.8523254;677
372.0185852;902
372.184845;739
372.3510742;845
372.5173035;725
372.6835632;796
372.849762;717
373.0159912;595
373.1822205;662
373.3484192;706
373.5146179;660
373.6808167;818
373.8469849;745
374.0131836;679
374.1793518;791
374.34552;678
374.5116882;585
374.6778259;740
374.8439941;841
375.0101318;883
375.1762695;725
375.3424072;782
375.5085144;714
375.6746521;644
375.8407593;797
376.0068665;612
376.1729736;759
376.3390503;819
376.5051575;768
376.6712341;598
376.8373108;642
377.0033875;731
377.1694336;811
377.3354797;672
377.5015259;807
377.667572;791
377.8336182;721
377.9996643;779
378.1656799;718
378.3316956;727
378.4977112;699
378.6637268;694
378.8297119;757
378.995697;647
379.1616821;657
379.3276672;785
379.4936523;751
379.6596069;698
379.8255615;735
379.9915161;722
380.1574707;796
380.3234253;653
380.4893494;785
380.6552734;751
380.8211975;685
380.9871216;846
381.1530457;812
381.3189392;728
381.4848328;801
381.6507263;696
381.8166199;789
381.9825134;722
382.1483765;820
382.3142395;692
382.4801025;874
382.6459656;792
382.8117981;799
382.9776306;880
383.1434631;708
383.3092957;615
383.4751282;650
383.6409302;581
383.8067627;686
383.9725647;802
384.1383667;755
384.3041382;803
384.4699402;608
384.6357117;755
384.8014832;735
384.9672546;825
385.1329956;715
385.2987671;684
385.4645081;721
385.630249;803
385.7959595;660
385.9617004;693
386.1274109;684
386.2931519;768
386.4588318;627
386.6245422;694
386.7902527;800
386.9559326;620
387.1216125;782
387.2872925;681
387.4529724;749
387.6186218;660
387.7842712;718
387.9499207;709
388.1155701;830
388.2812195;652
388.4468384;896
388.6124573;665
388.7780762;620
388.9436951;703
389.109314;724
389.2749023;728
389.4404907;604
389.6060791;752
389.7716675;899
389.9372253;604
390.1028137;666
390.2683716;602
390.4339294;768
390.5994568;891
390.7650146;792
390.930542;733
391.0960693;717
391.2615967;726
391.427124;859
391.5926208;804
391.7581177;730
391.9236145;750
392.0891113;601
392.2546082;827
392.4200745;700
392.5855408;651
392.7510071;757
392.9164734;616
393.0819397;687
393.2473755;720
393.4128113;775
393.5782471;804
393.7436829;758
393.9090881;781
394.0744934;772
394.2399292;789
394.405304;674
394.5707092;745
394.736084;582
394.9014893;702
395.066864;818
395.2322083;589
395.397583;732
395.5629272;689
395.728302;793
395.8936462;801
396.05896;654
396.2243042;662
396.3896179;730
396.5549316;868
396.7202454;792
396.8855591;701
397.0508423;795
397.216156;955
397.3814392;690
397.5467224;822
397.7119751;660
397.8772583;803
398.042511;751
398.2077637;753
398.3730164;783
398.5382385;720
398.7034607;767
398.8687134;691
399.0339355;678
399.1991272;787
399.3643494;716
399.529541;993
399.6947327;667
399.8599243;731
400.025116;767
400.1902771;726
400.3554382;582
400.5205994;943
400.6857605;851
400.8509216;723
401.0160522;675
401.1811829;725
401.3463135;763
401.5114441;753
401.6765747;769
401.8416748;809
402.0067749;560
402.171875;759
402.3369751;674
402.5020447;612
402.6671143;670
402.8321838;812
402.9972534;647
403.162323;767
403.3273621;844
403.4924316;663
403.6574707;630
403.8224792;789
403.9875183;797
404.1525269;784
404.3175354;725
404.4825439;661
404.6475525;788
404.8125305;722
404.9775391;596
405.1425171;690
405.3074951;776
405.4724426;762
405.6374207;761
405.8023682;750
405.9673157;891
406.1322632;684
406.2971802;661
406.4621277;710
406.6270447;731
406.7919617;761
406.9568481;756
407.1217651;776
407.2866516;713
407.4515381;713
407.6164246;546
407.781311;746
407.946167;604
408.1110229;852
408.2758789;812
408.4407349;755
408.6055908;693
408.7704163;770
408.9352417;634
409.1000671;814
409.2648926;863
409.4296875;734
409.5944824;645
409.7592773;745
409.9240723;739
410.0888672;681
410.2536316;707
410.4184265;680
410.5831909;762
410.7479248;803
410.9126892;720
411.0774231;669
411.242157;654
411.4068909;743
411.5716248;709
411.7363281;662
411.901062;938
412.0657654;691
412.2304688;685
412.3951416;742
412.559845;601
412.7245178;787
412.8891907;821
413.053833;732
413.2185059;831
413.3831482;566
413.5477905;617
413.7124329;616
413.8770752;690
414.041687;591
414.2063293;659
414.3709412;680
414.535553;724
414.7001343;655
414.8647156;669
415.0293274;691
415.1939087;640
415.3584595;756
415.5230408;685
415.6875916;698
415.8521423;751
416.0166931;628
416.1812439;594
416.3457642;618
416.5102844;1007
416.6748047;701
416.839325;776
417.0038452;647
417.168335;733
417.3328247;815
417.4973145;772
417.6618042;690
417.8262634;787
417.9907227;706
418.1551819;611
418.3196411;764
418.4841003;693
418.6485291;899
418.8129578;727
418.9773865;761
419.1418152;826
419.3062439;866
419.4706421;815
419.6350403;769
419.7994385;828
419.9638367;745
420.1282043;707
420.292572;743
420.4569397;670
420.6213074;832
420.785675;652
420.9500122;871
421.1143494;751
421.2786865;747
421.4430237;944
421.6073303;814
421.771637;669
421.9359436;691
422.1002502;655
422.2645569;808
422.428833;655
422.5931091;712
422.7573853;601
422.9216614;793
423.085907;786
423.2501831;763
423.4144287;658
423.5786743;698
423.7428894;658
423.907135;835
424.0713501;823
424.2355652;743
424.3997803;891
424.5639648;657
424.7281494;787
424.892334;771
425.0565186;727
425.2207031;677
425.3848572;946
425.5490417;839
425.7131958;617
425.8773193;665
426.0414734;792
426.2055969;655
426.3697205;693
426.533844;802
426.6979675;734
426.8620605;806
427.0261841;767
427.1902771;816
427.3543701;897
427.5184326;817
427.6825256;733
427.8465881;773
428.0106506;848
428.1746826;722
428.3387451;824
428.5027771;868
428.6668091;798
428.8308411;746
428.9948425;765
429.1588745;752
429.322876;668
429.4868774;899
429.6508789;763
429.8148499;782
429.9788208;936
430.1428223;802
430.3067627;737
430.4707336;755
430.6346741;773
430.798645;742
430.9625854;711
431.1264954;746
431.2904358;821
431.4543457;896
431.6182556;937
431.7821655;839
431.9460754;793
432.1099548;828
432.2738342;776
432.4377136;830
432.601593;985
432.7654419;910
432.9293213;774
433.0931702;826
433.257019;903
433.4208374;798
433.5846863;767
433.7485046;925
433.912323;867
434.0761414;787
434.2399292;1023
434.4037476;851
434.5675354;1096
434.7312927;787
434.8950806;943
435.0588684;935
435.2226257;883
435.3863831;1130
435.5501099;1065
435.7138672;869
435.877594;1031
436.0413208;1095
436.2050476;1093
436.3687744;1026
436.5324707;1132
436.6961975;895
436.8598938;1021
437.0235596;1224
437.1872559;1141
437.3509216;1198
437.5145874;1185
437.6782532;1248
437.8419189;1030
438.0055542;1296
438.1691895;1235
438.3328247;1384
438.49646;1072
438.6600952;1239
438.8237;1404
438.9873047;1153
439.1509094;1346
439.3145142;1394
439.4780884;1373
439.6416626;1262
439.8052368;1328
439.968811;1489
440.1323547;1511
440.295929;1382
440.4594727;1391
440.6230164;1524
440.7865295;1450
440.9500732;1375
441.1135864;1613
441.2770996;1653
441.4406128;1592
441.6040955;1725
441.7675781;1611
441.9310608;1610
442.0945435;1664
442.2580261;1588
442.4214783;1740
442.5849304;1761
442.7483826;1845
442.9118347;1822
443.0752869;1928
443.2387085;1880
443.4021301;1906
443.5655518;1892
443.7289429;2061
443.8923645;1986
444.0557556;2030
444.2191467;2267
444.3825073;2204
444.5458984;2268
444.709259;2277
444.8726196;2167
445.0359802;2375
445.1993408;2356
445.3626709;2378
445.526001;2442
445.6893311;2665
445.8526611;2619
446.0159607;2518
446.1792603;2513
446.3425598;2761
446.5058594;2798
446.6691589;2913
446.832428;2929
446.995697;2632
447.1589661;3096
447.3222351;3193
447.4854736;2768
447.6487122;2978
447.8119507;3186
447.9751892;3030
448.1384277;3546
448.3016357;3438
448.4648438;3351
448.6280518;3539
448.7912292;3397
448.9544373;3541
449.1176147;3781
449.2807922;3765
449.4439697;3821
449.6071167;3912
449.7702637;4248
449.9334106;3970
450.0965576;4176
450.2597046;4132
450.422821;4552
450.5859375;4278
450.749054;4677
450.9121704;4580
451.0752563;4604
451.2383728;5050
451.4014587;4883
451.5645142;5042
451.7276001;4804
451.8906555;5408
452.0537109;5149
452.2167664;5541
452.3798218;5615
452.5428467;5710
452.7059021;5722
452.868927;5936
453.0319214;5928
453.1949463;6057
453.3579407;6509
453.5209351;6235
453.6839294;6456
453.8469238;6828
454.0098877;6618
454.1728516;6978
454.3358154;6845
454.4987793;7224
454.6617126;7534
454.824646;7371
454.9875793;7503
455.1505127;7818
455.313446;8010
455.4763489;7899
455.6392517;7843
455.8021545;8053
455.9650574;8015
456.1279297;8191
456.290802;8771
456.4536743;9055
456.6165466;8754
456.7794189;9207
456.9422607;9185
457.1051025;9323
457.2679443;9249
457.4307556;9545
457.5935974;9609
457.7564087;9766
457.91922;9717
458.0820313;9982
458.244812;10192
458.4075928;10038
458.5703735;10579
458.7331543;10592
458.8959351;10697
459.0586853;10136
459.2214355;10869
459.3841858;10919
459.5469055;10724
459.7096558;11264
459.8723755;11462
460.0350952;11336
460.1978149;11313
460.3605042;11004
460.5231934;11330
460.6858826;11637
460.8485718;11534
461.011261;11304
461.1739197;11454
461.3365784;11343
461.4992371;11488
461.6618958;11955
461.8245239;11562
461.9871521;11031
462.1497803;11141
462.3124084;10960
462.4750366;12039
462.6376343;11075
462.8002319;11357
462.9628296;11774
463.1253967;10936
463.2879944;11321
463.4505615;11361
463.6131287;11484
463.7756653;10657
463.9382324;11446
464.100769;10542
464.2633057;10360
464.4258423;10594
464.5883484;10082
464.750885;10459
464.9133911;10405
465.0758972;10460
465.2383728;10189
465.4008789;9745
465.5633545;9723
465.7258301;9586
465.8882751;9546
466.0507507;9680
466.2131958;9326
466.3756409;9389
466.5380859;9241
466.7005005;8903
466.8629456;8868
467.0253601;8787
467.1877441;8596
467.3501587;8564
467.5125427;8427
467.6749573;8202
467.8373108;8133
467.9996948;8480
468.1620789;8000
468.3244324;7867
468.4867859;7759
468.6491394;7562
468.8114624;7658
468.9737854;7500
469.1361084;7707
469.2984314;7543
469.4607544;7535
469.6230469;7227
469.7853394;7176
469.9476318;7231
470.1099243;7097
470.2721863;6981
470.4344788;6913
470.5967407;6890
470.7589722;6807
470.9212341;6692
471.0834656;6580
471.245697;6598
471.4079285;6825
471.5701599;6531
471.7323608;6402
471.8945618;6426
472.0567627;6611
472.2189636;6486
472.381134;6453
472.5433044;6291
472.7054749;6389
472.8676453;6221
473.0297852;6359
473.1919556;6376
473.3540955;6131
473.5162354;6024
473.6783447;6046
473.8404541;6017
474.002594;6394
474.1646729;5859
474.3267822;6114
474.4888611;6013
474.6509705;5914
474.8130493;5913
474.9750977;5725
475.1371765;5835
475.2992249;5732
475.4612732;5823
475.6233215;5460
475.7853394;5664
475.9473877;5399
476.1094055;5736
476.2714233;5631
476.4334106;5600
476.5953979;5572
476.7574158;5493
476.9194031;5566
477.0813599;5587
477.2433472;5362
477.405304;5458
477.5672607;5282
477.7292175;5353
477.8911438;5403
478.0530701;5363
478.2149963;5345
478.3769226;5051
478.5388489;4904
478.7007446;5105
478.8626404;4937
479.0245361;5166
479.1864319;4923
479.3482971;5052
479.5101624;4816
479.6720276;4780
479.8338928;4887
479.9957275;4791
480.1575928;4744
480.3194275;4614
480.4812317;4850
480.6430664;4655
480.8048706;4831
480.9666748;4656
481.128479;4701
481.2902832;4539
481.4520569;4545
481.6138306;4653
481.7756042;4376
481.9373779;4412
482.0991211;4211
482.2608643;4492
482.4226074;4282
482.5843506;4330
482.7460632;4434
482.9078064;4293
483.069519;4130
483.2312012;4071
483.3929138;4131
483.5545959;4215
483.7162781;4048
483.8779602;3909
484.0396423;4049
484.2012939;3859
484.3629456;3761
484.5245972;3978
484.6862488;4030
484.8478699;3960
485.009491;3981
485.1711121;3760
485.3327332;3815
485.4943237;3881
485.6559448;3854
485.8175354;3568
485.9790955;3738
486.140686;3761
486.3022461;3542
486.4638062;3747
486.6253662;3572
486.7869263;3629
486.9484558;3570
487.1099854;3677
487.2715149;3683
487.4330444;3506
487.5945435;3598
487.7560425;3527
487.9175415;3488
488.0790405;3435
488.240509;3509
488.4019775;3413
488.563446;3355
488.7249146;3258
488.8863831;3339
489.047821;3280
489.209259;3282
489.370697;3251
489.5321045;3459
489.6935425;3443
489.85495;3166
490.0163574;3401
490.1777344;3297
490.3391418;3315
490.5005188;3121
490.6618958;3101
490.8232422;3166
490.9846191;3028
491.1459656;3267
491.307312;3016
491.4686584;2966
491.6299744;3225
491.7912903;3050
491.9526062;3029
492.1139221;3060
492.275238;3027
492.4365234;2950
492.5978088;3055
492.7590942;3056
492.9203491;3012
493.0816345;3171
493.2428894;3049
493.4041443;3069
493.5653687;3086
493.7266235;2986
493.8878479;2777
494.0490723;3012
494.2102661;3052
494.3714905;2897
494.5326843;2933
494.6938782;3142
494.855072;2862
495.0162354;2998
495.1773987;3194
495.338562;2870
495.4997253;3051
495.6608887;2925
495.8220215;2961
495.9831543;2875
496.1442871;2927
496.3053894;2747
496.4665222;2870
496.6276245;2768
496.7886963;2785
496.9497986;2821
497.1108704;2857
497.2719727;2583
497.4330139;2724
497.5940857;2806
497.7551575;2754
497.9161987;2620
498.07724;2661
498.2382507;2798
498.399292;2799
498.5603027;2739
498.7213135;2704
498.8823242;2728
499.0433044;2705
499.2042847;2647
499.3652649;2683
499.5262451;2676
499.6872253;2730
499.848175;2634
500.0091248;2681
500.1700745;2719
500.3310242;2746
500.4919434;2783
500.6528625;2577
500.8137817;2822
500.9746704;2873
501.1355896;2739
501.2964783;2645
501.4573669;2680
501.6182556;2819
501.7791138;2744
501.9399719;2691
502.1008301;2734
502.2616882;2702
502.4225159;2911
502.5833435;2818
502.7441711;2791
502.9049988;2851
503.0658264;2689
503.2266235;2953
503.3874207;2809
503.5482178;2933
503.7089844;3073
503.869751;2868
504.0305481;2870
504.1912842;3038
504.3520508;3104
504.5127869;3010
504.6735229;3002
504.834259;2855
504.9949951;2889
505.1557007;3124
505.3164063;3133
505.4771118;3107
505.6378174;3069
505.7984924;3150
505.9591675;3112
506.1198425;3244
506.2805176;3149
506.4411621;3140
506.6018066;3255
506.7624512;3170
506.9230957;3378
507.0837402;3152
507.2443542;3224
507.4049683;3269
507.5655518;3251
507.7261658;3283
507.8867493;3280
508.0473328;3288
508.2079163;3496
508.3684692;3307
508.5290527;3403
508.6896057;3530
508.8501587;3598
509.0106812;3414
509.1712036;3381
509.3317566;3659
509.4922485;3699
509.652771;3681
509.8132629;3551
509.9737549;3616
510.1342468;3595
510.2947388;3583
510.4552002;3786
510.6156616;3731
510.776123;3898
510.9365845;3983
511.0970154;3887
511.2574463;3951
511.4178772;3897
511.5783081;4115
511.7387085;3987
511.8991394;4075
512.0595093;4079
512.2199097;4234
512.3803101;4297
512.5406494;4221
512.7010498;4367
512.8613892;4417
513.0217285;4309
513.1821289;4420
513.3424683;4540
513.5027466;4383
513.6630859;4602
513.8234253;4680
513.9837036;4690
514.144043;4628
514.3043213;4585
514.4645996;4621
514.6248779;4748
514.7851563;4797
514.9454346;4966
515.1056519;4848
515.2659302;4800
515.4261475;5002
515.5864258;4968
515.7466431;5145
515.9068604;5030
516.0670776;5046
516.2272949;5325
516.3874512;5040
516.5476685;5124
516.7078247;5067
516.868042;5365
517.0281982;5174
517.1883545;5418
517.3485107;5600
517.508667;5353
517.6687622;5310
517.8289185;5301
517.9890137;5619
518.1491699;5388
518.3092651;5648
518.4693604;5519
518.6294556;5504
518.7895508;5573
518.949585;5640
519.1096802;5564
519.2697754;5645
519.4298096;5800
519.5898438;5886
519.7498779;5700
519.9099121;5858
520.0699463;6030
520.2299805;5918
520.3899536;6037
520.5499878;5850
520.7099609;5921
520.8699951;5893
521.0299683;6035
521.1899414;6064
521.3498535;6245
521.5098267;6246
521.6697998;6042
521.8297119;6237
521.9896851;6172
522.1495972;6440
522.3095093;6477
522.4694214;6599
522.6293335;6496
522.7892456;6456
522.9490967;6592
523.1090088;6658
523.2688599;6489
523.428772;6526
523.588623;6676
523.7484741;6746
523.9083252;6787
524.0681763;6760
524.2279663;6955
524.3878174;6972
524.5476074;7137
524.7073975;7041
524.8672485;6964
525.0270386;6953
525.1868286;7026
525.3465576;7044
525.5063477;7162
525.6661377;7330
525.8258667;7288
525.9855957;7279
526.1453247;7388
526.3050537;7393
526.4647827;7371
526.6245117;7618
526.7842407;7461
526.9439087;7614
527.1036377;7534
527.2633057;7707
527.4229736;7641
527.5826416;7760
527.7423096;7773
527.9019775;7659
528.0616455;7853
528.2212524;7938
528.3809204;7972
528.5405273;7912
528.7001343;7951
528.8597412;7748
529.0193481;7859
529.1789551;8192
529.338562;7976
529.4981689;8389
529.6577148;8002
529.8172607;8273
529.9768066;8212
530.1364136;7906
530.2959595;8140
530.4554443;8477
530.6149902;8428
530.7745361;8250
530.934021;8215
531.0935059;8370
531.2530518;8434
531.4125366;8370
531.5720215;8397
531.7315063;8515
531.8909302;8339
532.050415;8201
532.2098389;8369
532.3693237;8308
532.5287476;8607
532.6881714;8547
532.8475952;8468
533.007019;8374
533.1663818;8578
533.3258057;8649
533.4851685;8489
533.6445923;8364
533.8039551;8609
533.9633179;8637
534.1226807;8422
534.2820435;8546
534.4414063;8398
534.600708;8338
534.7600708;8512
534.9193726;8649
535.0786743;8579
535.2379761;8693
535.3972778;8641
535.5565796;8400
535.7158813;8418
535.8751221;8683
536.0344238;8550
536.1936646;8666
536.3529053;8564
536.512207;8661
536.6714478;8465
536.8306274;8433
536.9898682;8503
537.1491089;8310
537.3082886;8520
537.4674683;8660
537.626709;8374
537.7858887;8679
537.9450684;8507
538.104248;8604
538.2633667;8382
538.4225464;8519
538.581665;8385
538.7408447;8713
538.8999634;8304
539.059082;8359
539.2182007;8483
539.3773193;8486
539.536377;8366
539.6954956;8396
539.8546143;8375
540.0136719;8347
540.1727295;8283
540.3317871;8145
540.4908447;8426
540.6499023;8227
540.80896;8313
540.9679565;8383
541.1270142;8284
541.2860107;8347
541.4450073;8295
541.6040039;8302
541.7630005;8265
541.9219971;8072
542.0809937;7861
542.2399292;8099
542.3989258;8215
542.5578613;8094
542.7167969;8058
542.8757324;7878
543.034668;7849
543.1936035;7775
543.3525391;8001
543.5114136;7637
543.6703491;7703
543.8292236;7646
543.9880981;7725
544.1469727;7668
544.3058472;7688
544.4647217;7417
544.6235962;7675
544.7824097;7386
544.9412842;7480
545.1000977;7454
545.2589111;7726
545.4177246;7455
545.5765381;7363
545.7353516;7382
545.894165;7239
546.0529175;7295
546.211731;7449
546.3704834;7501
546.5292358;7303
546.6879883;7313
546.8467407;7123
547.0054932;7272
547.1641846;7204
547.322937;7103
547.4816284;7136
547.6403809;7027
547.7990723;7114
547.9577637;6736
548.1164551;6827
548.2751465;6918
548.4337769;6949
548.5924683;6413
548.7510986;6892
548.909729;6775
549.0684204;6717
549.2270508;6448
549.3856201;6640
549.5442505;6568
549.7028809;6379
549.8614502;6566
550.0200806;6668
550.1786499;6436
550.3372192;6482
550.4957886;6315
550.6543579;6325
550.8129272;6384
550.9714355;6112
551.1300049;6239
551.2885132;6121
551.4470215;5960
551.6055298;6032
551.7640381;6020
551.9225464;5909
552.0810547;5862
552.239563;6062
552.3980103;5874
552.5564575;5768
552.7149658;5760
552.8734131;5759
553.0318604;5689
553.1902466;5683
553.3486938;5762
553.5071411;5520
553.6655273;5655
553.8239746;5628
553.9823608;5511
554.1407471;5549
554.2991333;5310
554.4575195;5491
554.6158447;5554
554.774231;5417
554.9325562;5200
555.0908813;5319
555.2492676;5313
555.4075928;4981
555.565918;5178
555.7241821;5246
555.8825073;5283
556.0408325;5114
556.1990967;5078
556.3573608;5065
556.515625;4921
556.6738892;5003
556.8321533;4845
556.9904175;4941
557.1486816;4940
557.3068848;4782
557.4651489;4827
557.6233521;4770
557.7815552;4858
557.9397583;4684
558.0979614;4619
558.2561646;4651
558.4143066;4667
558.5725098;4697
558.7306519;4680
558.8887939;4657
559.046936;4461
559.2050781;4555
559.3632202;4394
559.5213623;4488
559.6794434;4416
559.8375854;4518
559.9956665;4371
560.1537476;4381
560.3118896;4336
560.4699097;4344
560.6279907;4171
560.7860718;4207
560.9441528;4190
561.1021729;4214
561.2601929;4104
561.4182129;4035
561.5762329;4209
561.7342529;4117
561.8922729;4195
562.050293;4070
562.208252;4075
562.366272;3914
562.524231;3812
562.6821899;3899
562.8401489;4015
562.9981079;3933
563.1560669;3731
563.3139648;3736
563.4719238;3751
563.6298218;3685
563.7877808;3858
563.9456787;3679
564.1035767;3654
564.2614136;3595
564.4193115;3602
564.5772095;3705
564.7350464;3647
564.8929443;3521
565.0507813;3503
565.2086182;3513
565.3664551;3552
565.524292;3335
565.6820679;3722
565.8399048;3269
565.9976807;3234
566.1555176;3528
566.3132935;3133
566.4710693;3345
566.6288452;3124
566.7866211;3151
566.9443359;3358
567.1021118;3262
567.2598267;3214
567.4175415;3024
567.5753174;3127
567.7330322;3233
567.890686;3013
568.0484009;3115
568.2061157;3024
568.3637695;3067
568.5214844;2986
568.6791382;2930
568.836792;2969
568.9944458;2936
569.1520996;2775
569.3096924;2993
569.4673462;2897
569.625;2950
569.7825928;2840
569.9401855;2911
570.0977783;2720
570.2553711;2762
570.4129639;2563
570.5704956;2774
570.7280884;2645
570.8856201;2742
571.0432129;2653
571.2007446;2651
571.3582764;2605
571.5158081;2536
571.6733398;2377
571.8308105;2542
571.9883423;2509
572.145813;2450
572.3032837;2602
572.4607544;2398
572.6182251;2441
572.7756958;2484
572.9331665;2333
573.0906372;2257
573.2480469;2421
573.4054565;2514
573.5629272;2406
573.7203369;2262
573.8777466;2280
574.0350952;2282
574.1925049;2239
574.3499146;2121
574.5072632;2187
574.6646118;2262
574.8219604;2051
574.9793091;2089
575.1366577;2094
575.2940063;2107
575.451355;2049
575.6086426;2227
575.7659912;1908
575.9232788;2067
576.0805664;2039
576.237854;2058
576.3951416;2139
576.5523682;1792
576.7096558;1961
576.8669434;1767
577.0241699;1887
577.1813965;2291
577.338623;1938
577.4958496;1720
577.6530762;1689
577.8103027;1801
577.9674683;1797
578.1246338;1713
578.2818604;1762
578.4390259;1798
578.5961914;1756
578.7533569;1684
578.9105225;1644
579.067627;1633
579.2247925;1599
579.381897;1802
579.5390015;1600
579.696106;1962
579.8532104;1664
580.0103149;1735
580.1674194;1667
580.3244629;1652
580.4815674;1507
580.6386108;1586
580.7956543;1573
580.9526978;1627
581.1097412;1614
581.2667847;1535
581.4238281;1813
581.5808105;1516
581.737854;1567
581.8948364;1575
582.0518188;1521
582.2088013;1458
582.3657837;1666
582.5227661;1737
582.6796875;1555
582.8366699;1706
582.9935913;1565
583.1505127;1541
583.3074341;1526
583.4643555;1695
583.6212769;1601
583.7781982;1500
583.9350586;1644
584.09198;1509
584.2488403;1565
584.4057007;1572
584.562561;1488
584.7194214;1542
584.8762817;1550
585.0330811;1666
585.1899414;1752
585.3467407;1534
585.50354;1557
585.6604004;1565
585.8171387;1357
585.973938;1556
586.1307373;1481
586.2875366;1628
586.4442749;1464
586.6010132;1570
586.7577515;1496
586.9144897;1482
587.071228;1588
587.2279663;1666
587.3847046;1695
587.5413818;1524
587.6981201;1685
587.8547974;1584
588.0114746;1613
588.1681519;1639
588.3248291;1514
588.4815063;1630
588.6381226;1558
588.7947998;1468
588.951416;1535
589.1080322;1573
589.2646484;1563
589.4212646;1589
589.5778809;1404
589.734436;1577
589.8910522;1668
590.0476074;1579
590.2042236;1628
590.3607788;1650
590.517334;1566
590.6738892;1542
590.8303833;1517
590.9869385;1672
591.1434326;1551
591.2999878;1663
591.4564819;1581
591.6129761;1450
591.7694702;1650
591.9259644;1595
592.0823975;1753
592.2388916;1646
592.3953247;1457
592.5517578;1567
592.708252;1551
592.8646851;1758
593.0210571;1821
593.1774902;1566
593.3339233;1577
593.4902954;1679
593.6467285;1581
593.8031006;1558
593.9594727;1661
594.1158447;1738
594.2721558;1703
594.4285278;1730
594.5848999;1677
594.7412109;1598
594.897522;1853
595.053833;1613
595.210144;1621
595.3664551;1706
595.5227661;1767
595.6790771;1728
595.8353271;1694
595.9915771;1550
596.1478882;1637
596.3041382;1611
596.4603882;1678
596.6165771;1669
596.7728271;1799
596.9290161;1738
597.0852661;1835
597.2414551;1883
597.397644;1890
597.553833;2079
597.710022;2009
597.8662109;2115
598.0223389;2183
598.1785278;1945
598.3346558;2019
598.4907837;2012
598.6469116;1871
598.8030396;1915
598.9591675;1810
599.1152954;1817
599.2713623;1780
599.4274902;1757
599.5835571;1717
599.739624;1685
599.8956909;1792
600.0517578;1820
600.2078247;1704
600.3638306;1788
600.5198975;1838
600.6759033;1872
600.8319092;1872
600.987915;1872
601.1439209;1826
601.2999268;1893
601.4558716;2084
601.6118774;1920
601.7678223;1880
601.9237671;1823
602.0797729;1962
602.2356567;1780
602.3916016;1770
602.5475464;1818
602.7034912;1947
602.859375;1991
603.0152588;2056
603.1711426;1929
603.3270264;2021
603.4829102;1833
603.6387939;1937
603.7946777;2032
603.9505005;2022
604.1063843;2084
604.262207;2020
604.4180298;2114
604.5738525;2030
604.7296753;2001
604.885437;2012
605.0412598;1878
605.1970215;2005
605.3527832;1903
605.508606;1910
605.6643677;1972
605.8200684;2085
605.9758301;1948
606.1315918;2095
606.2872925;1833
606.4429932;1966
606.5987549;1954
606.7544556;2210
606.9101563;2285
607.0657959;2216
607.2214966;2321
607.3771973;2627
607.5328369;2585
607.6884766;3060
607.8441162;3584
607.9997559;4658
608.1553955;5869
608.3110352;6770
608.4666138;7752
608.6222534;8108
608.777832;7667
608.9334106;7140
609.0889893;6421
609.2445679;5774
609.4001465;5210
609.5556641;4447
609.7112427;3992
609.8667603;3498
610.0223389;3341
610.1778564;3055
610.333374;2879
610.4888306;2794
610.6443481;2723
610.7998657;2658
610.9553223;2849
611.1107788;2825
611.2662354;3039
611.4216919;3099
611.5771484;3361
611.732605;3650
611.8880005;4254
612.043457;4785
612.1988525;6009
612.354248;7796
612.5096436;9569
612.6650391;11553
612.8204346;13478
612.9758301;14738
613.1311646;14922
613.286499;15228
613.4418945;14694
613.597229;13499
613.7525635;12625
613.9078979;11443
614.0631714;10080
614.2185059;9001
614.3737793;8227
614.5290527;7190
614.6843872;6469
614.8396606;5966
614.994873;5280
615.1501465;4769
615.3054199;4437
615.4606323;3876
615.6158447;3771
615.7711182;3542
615.9263306;3436
616.081543;3268
616.2366943;3138
616.3919067;2979
616.5470581;3139
616.7022705;3038
616.8574219;2936
617.0125732;2917
617.1677246;3169
617.322876;2873
617.4780273;2831
617.6331177;2872
617.788208;3020
617.9433594;2982
618.0984497;3008
618.25354;2917
618.4086304;3054
618.5636597;3152
618.71875;3079
618.8737793;3392
619.0288696;3530
619.1838989;3647
619.3389282;3756
619.4939575;3483
619.6489868;3296
619.8039551;3435
619.9589844;3287
620.1139526;3204
620.2689209;3131
620.4238892;3010
620.5788574;2779
620.7338257;2921
620.8887939;2958
621.0437012;3129
621.1986694;3293
621.3535767;3321
621.5084839;3164
621.6633911;3197
621.8182983;2880
621.9731445;2924
622.1280518;2770
622.2828979;2770
622.4378052;2658
622.5926514;2732
622.7474976;2908
622.9023438;3065
623.0571289;3079
623.2119751;3139
623.3667603;3304
623.5216064;3352
623.6763916;3376
623.8311768;3373
623.9859619;3487
624.1407471;3438
624.2954712;3604
624.4502563;3526
624.6049805;3504
624.7597046;3647
624.9144287;3457
625.0691528;3512
625.223877;3381
625.3786011;3656
625.5332642;3827
625.6879883;3558
625.8426514;3758
625.9973145;4010
626.1519775;3950
626.3066406;3887
626.4613037;4019
626.6159058;3631
626.7705688;3861
626.9251709;3815
627.0797729;3863
627.234375;3765
627.3889771;3795
627.5435791;3702
627.6981201;3861
627.8527222;4393
628.0072632;4530
628.1618042;4499
628.3163452;4807
628.4708862;5080
628.6254272;5486
628.7799683;5893
628.9344482;6287
629.0889893;6855
629.2434692;7690
629.3979492;8865
629.5524292;11060
629.7069092;13585
629.8613281;16833
630.0158081;21353
630.1702271;25606
630.324646;29560
630.4790649;31848
630.6334839;32784
630.7879028;32112
630.9423218;31037
631.0967407;29080
631.2510986;26498
631.4054565;23792
631.5598145;20830
631.7141724;18358
631.8685303;16198
632.0228882;14185
632.1771851;12042
632.331543;10939
632.4858398;9581
632.6401367;8495
632.7944336;7874
632.9487305;7187
633.1030273;6659
633.2573242;6296
633.4115601;6445
633.5657959;6415
633.7200928;6473
633.8743286;7537
634.0285645;8986
634.1827393;11336
634.3369751;14785
634.4912109;18732
634.6453857;21542
634.7995605;23145
634.9537354;23498
635.1079102;22680
635.262085;21162
635.4162598;19115
635.5703735;17096
635.7244873;14837
635.8786621;12980
636.0327759;11385
636.1868896;9661
636.3410034;8730
636.4950562;7740
636.6491699;6838
636.8032227;6206
636.9572754;5480
637.1113892;5053
637.2654419;4748
637.4194336;4405
637.5734863;4165
637.7275391;3868
637.8815308;3606
638.0355225;3494
638.1895752;3460
638.3435669;3022
638.4974976;2658
638.6514893;2675
638.805481;2585
638.9594116;2428
639.1134033;2359
639.267334;2207
639.4212646;2009
639.5751953;1948
639.7290649;1778
639.8829956;2053
640.0368652;1883
640.1907959;1976
640.3446655;1912
640.4985352;1783
640.6524048;1654
640.8062744;1813
640.960083;1828
641.1139526;1780
641.2677612;1703
641.4215698;1943
641.5753784;1720
641.729187;1740
641.8829956;1544
642.0368042;1527
642.1905518;1543
642.3443604;1614
642.4981079;1496
642.6518555;1510
642.805603;1381
642.9593506;1407
643.1130371;1325
643.2667847;1316
643.4204712;1447
643.5742188;1242
643.7279053;1349
643.8815918;1348
644.0352173;1470
644.1889038;1409
644.3425903;1311
644.4962158;1378
644.6498413;1494
644.8034668;1335
644.9570923;1308
645.1107178;1343
645.2643433;1459
645.4179077;1575
645.5715332;1447
645.7250977;1542
645.8786621;1703
646.0322266;1941
646.185791;2007
646.3393555;2547
646.4928589;3211
646.6464233;4053
646.7999268;4912
646.9534302;5911
647.1069336;6557
647.260437;6675
647.4139404;7380
647.5673828;6936
647.7208862;6311
647.8743286;5808
648.027771;5115
648.1812134;4336
648.3346558;4134
648.4880981;3281
648.6415405;2952
648.7949219;2555
648.9483032;2280
649.1016846;2069
649.2550659;1944
649.4084473;1670
649.5618286;1729
649.71521;1564
649.8685303;1414
650.0219116;1302
650.1752319;1471
650.3285522;1340
650.4818726;1424
650.6351318;1463
650.7884521;1331
650.9417114;1393
651.0950317;1368
651.248291;1392
651.4015503;1439
651.5548096;1475
651.7080688;1654
651.8612671;1698
652.0145264;1688
652.1677246;1557
652.3209229;1545
652.4741211;1469
652.6273193;1471
652.7805176;1366
652.9337158;1372
653.086853;1504
653.2400513;1252
653.3931885;1275
653.5463257;1351
653.6994629;1178
653.8525391;1150
654.0056763;1204
654.1588135;907
654.3118896;1109
654.4649658;1059
654.618042;1035
654.7711182;1046
654.9241943;1043
655.0772705;990
655.2302856;1053
655.3833008;971
655.536377;1091
655.6893921;923
655.8424072;1065
655.9953613;1174
656.1483765;1163
656.3013916;1041
656.4543457;1107
656.6072998;1150
656.7602539;1047
656.913208;1019
657.0661621;1058
657.2191162;873
657.3720093;863
657.5249023;937
657.6778564;979
657.8307495;1027
657.9836426;932
658.1364746;871
658.2893677;952
658.4422607;809
658.5950928;843
658.7479248;1124
658.9007568;893
659.0535889;826
659.2064209;1042
659.3592529;789
659.5120239;948
659.664856;988
659.817627;833
659.9703979;989
660.1231689;826
660.2759399;796
660.4286499;1036
660.5814209;902
660.7341309;940
660.8868408;863
661.0395508;922
661.1922607;920
661.3449707;833
661.4976807;836
661.6503296;695
661.8030396;909
661.9556885;752
662.1083374;728
662.2609863;896
662.4136353;713
662.5662231;830
662.7188721;752
662.87146;986
663.0240479;878
663.1766357;752
663.3292236;917
663.4818115;934
663.6343994;697
663.7869263;949
663.9395142;704
664.092041;732
664.2445679;787
664.3970947;880
664.5496216;932
664.7020874;894
664.8546143;874
665.0070801;771
665.1595459;692
665.3120117;612
665.4644775;719
665.6169434;809
665.7694092;721
665.921814;738
666.0742188;824
666.2266846;907
666.3790894;672
666.5314941;620
666.6838379;763
666.8362427;840
666.9885864;793
667.1409912;708
667.293335;794
667.4456787;825
667.5980225;742
667.7503662;708
667.9026489;776
668.0549927;705
668.2072754;842
668.3595581;867
668.5118408;910
668.6641235;742
668.8164063;784
668.968689;773
669.1209106;769
669.2731323;849
669.425354;929
669.5776367;794
669.7297974;1022
669.882019;1028
670.0342407;912
670.1864014;916
670.338562;1049
670.4907837;803
670.6429443;910
670.795105;736
670.9472046;930
671.0993652;782
671.2514648;661
671.4036255;755
671.5557251;838
671.7078247;819
671.8599243;731
672.0119629;876
672.1640625;759
672.3161011;763
672.4682007;915
672.6202393;885
672.7722778;944
672.9243164;735
673.0762939;711
673.2283325;989
673.3803101;742
673.5322876;790
673.6843262;825
673.8363037;811
673.9882202;778
674.1401978;789
674.2921753;729
674.4440918;768
674.5960083;669
674.7479248;721
674.8998413;864
675.0517578;918
675.2036743;740
675.3555298;746
675.5074463;616
675.6593018;892
675.8111572;807
675.9630127;610
676.1148682;647
676.2666626;768
676.4185181;730
676.5703125;693
676.722168;737
676.8739624;825
677.0257568;760
677.1774902;693
677.3292847;860
677.4810181;700
677.6328125;638
677.7845459;638
677.9362793;736
678.0880127;972
678.2397461;660
678.3914185;843
678.5431519;585
678.6948242;726
678.8464966;646
678.9981689;744
679.1498413;713
679.3015137;790
679.453186;711
679.6047974;679
679.7564087;744
679.90802;874
680.0596313;717
680.2112427;695
680.362854;689
680.5144653;652
680.6660156;649
680.8175659;648
680.9691162;751
681.1206665;806
681.2722168;836
681.4237671;870
681.5753174;834
681.7268066;743
681.8782959;697
682.0297852;818
682.1812744;605
682.3327637;741
682.4842529;859
682.6356812;580
682.7871704;683
682.9385986;582
683.0900269;678
683.2414551;645
683.3928833;698
683.5442505;827
683.6956787;755
683.8470459;781
683.9984131;670
684.1498413;657
684.3011475;735
684.4525146;823
684.6038818;700
684.755188;669
684.9065552;684
685.0578613;687
685.2091675;699
685.3604736;760
685.5117188;630
685.6630249;760
685.8143311;701
685.9655762;741
686.1168213;602
686.2680664;689
686.4193115;650
686.5705566;874
686.7217407;656
686.8729858;633
687.0241699;662
687.175354;579
687.3265381;601
687.4777222;670
687.6288452;598
687.7800293;773
687.9311523;721
688.0823364;674
688.2334595;771
688.3845825;711
688.5357056;762
688.6867676;612
688.8378906;717
688.9889526;703
689.1400146;805
689.2910767;719
689.4421387;718
689.5932007;724
689.7442627;731
689.8952637;652
690.0462646;709
690.1973267;775
690.3483276;740
690.4993286;775
690.6502686;688
690.8012695;832
690.9522095;729
691.1032104;656
691.2541504;555
691.4050903;860
691.5560303;662
691.7069092;674
691.8578491;812
692.008728;867
692.159668;690
692.3105469;649
692.4614258;689
692.6123047;706
692.7631226;649
692.9140015;741
693.0648193;668
693.2156372;654
693.3664551;757
693.5172729;616
693.6680908;676
693.8189087;762
693.9696655;767
694.1204834;624
694.2712402;714
694.4219971;784
694.5727539;799
694.7235107;677
694.8742065;598
695.0249634;585
695.1756592;724
695.326355;713
695.4770508;484
695.6277466;669
695.7784424;674
695.9290771;664
696.0797729;640
696.2304077;644
696.3810425;554
696.5316772;659
696.682312;652
696.8328857;732
696.9835205;598
697.1340942;667
697.284729;579
697.4353027;708
697.5858765;716
697.7363892;735
697.8869629;763
698.0375366;563
698.1880493;870
698.338562;558
698.4890747;649
698.6395874;647
698.7901001;597
698.9405518;625
699.0910645;723
699.2415161;692
699.3919678;749
699.5424194;566
699.6928711;574
699.8433228;767
699.9937134;784
700.144165;598
700.2945557;665
700.4449463;731
700.5953369;455
700.7457275;586
700.8961182;663
701.0464478;608
701.1967773;847
701.347168;643
701.4974976;765
701.6478271;737
701.7980957;698
701.9484253;745
702.0986938;603
702.2490234;756
702.399292;692
702.5495605;561
702.6998291;712
702.8500977;705
703.0003052;518
703.1505737;590
703.3007813;690
703.4509888;844
703.6011963;654
703.7514038;643
703.9015503;753
704.0517578;651
704.2019043;648
704.3521118;575
704.5022583;689
704.6524048;676
704.8024902;709
704.9526367;574
705.1027222;629
705.2528687;776
705.4029541;718
705.5530396;638
705.703125;737
705.8532104;682
706.0032349;576
706.1533203;729
706.3033447;843
706.4533691;666
706.6033936;591
706.753418;726
706.9033813;612
707.0534058;537
707.2033691;797
707.3533936;769
707.5033569;587
707.6533203;630
707.8032227;714
707.953186;712
708.1031494;710
708.2530518;587
708.4029541;529
708.5528564;741
708.7027588;720
708.8526611;863
709.0025024;585
709.1524048;680
709.3022461;470
709.4520874;812
709.6019287;653
709.75177;598
709.9016113;642
710.0513916;557
710.2011719;734
710.3510132;678
710.5007935;719
710.6505737;601
710.800293;626
710.9500732;711
711.0998535;683
711.2495728;631
711.399292;812
711.5490112;697
711.6987305;841
711.8484497;679
711.9981079;619
712.1478271;702
712.2974854;760
712.4471436;728
712.5968018;825
712.74646;653
712.8961182;709
713.0457153;844
713.1953125;686
713.3449707;720
713.4945679;692
713.644165;680
713.7937012;658
713.9432983;763
714.0928345;740
714.2424316;688
714.3919678;758
714.5415039;769
714.69104;719
714.8405151;718
714.9900513;590
715.1395264;671
715.2890625;650
715.4385376;799
715.5880127;647
715.7374268;715
715.8869019;567
716.036377;717
716.185791;693
716.3352051;605
716.4846191;639
716.6340332;609
716.7834473;728
716.9328003;722
717.0822144;886
717.2315674;807
717.3809204;680
717.5302734;666
717.6796265;705
717.8289795;621
717.9782715;647
718.1276245;684
718.2769165;639
718.4262085;572
718.5755005;716
718.7247925;737
718.8740234;716
719.0233154;633
719.1725464;624
719.3217773;570
719.4710083;754
719.6202393;590
719.7694702;666
719.9186401;728
720.0678711;693
720.217041;717
720.3662109;675
720.5153809;635
720.6645508;646
720.8136597;604
720.9628296;642
721.1119385;761
721.2610474;649
721.4101563;721
721.5592651;834
721.708374;767
721.8574829;664
722.0065308;574
722.1555786;660
722.3046265;701
722.4536743;705
722.6027222;702
722.75177;667
722.9007568;626
723.0498047;692
723.1987915;702
723.3477783;711
723.4967651;675
723.645752;639
723.7946777;678
723.9436646;639
724.0925903;603
724.2415161;777
724.3904419;679
724.5393677;669
724.6882935;895
724.8371582;671
724.9860229;850
725.1349487;669
725.2838135;652
725.4326782;711
725.5814819;821
725.7303467;675
725.8791504;610
726.0280151;702
726.1768188;743
726.3256226;770
726.4744263;681
726.6231689;697
726.7719727;763
726.9207153;717
727.069519;617
727.2182617;668
727.3670044;684
727.515686;759
727.6644287;532
727.8131104;714
727.961853;682
728.1105347;656
728.2592163;643
728.4078979;722
728.5565796;607
728.7052002;625
728.8538208;656
729.0025024;735
729.151123;857
729.2997437;707
729.4483643;724
729.5969238;564
729.7455444;683
729.894104;674
730.0426636;665
730.1912231;692
730.3397827;664
730.4883423;663
730.6368408;677
730.7854004;686
730.9338989;816
731.0823975;714
731.230896;581
731.3793945;812
731.527832;785
731.6763306;580
731.8247681;607
731.9732056;706
732.1216431;638
732.2700806;712
732.4185181;776
732.5669556;755
732.715332;695
732.8637085;689
733.012085;644
733.1604614;750
733.3088379;601
733.4572144;699
733.6055298;670
733.7538452;802
733.9022217;617
734.0505371;674
734.1988525;747
734.3471069;739
734.4954224;703
734.6436768;792
734.7919312;579
734.9402466;621
735.0884399;703
735.2366943;695
735.3849487;694
735.5331421;535
735.6813965;786
735.8295898;669
735.9777832;607
736.1259766;625
736.2741089;591
736.4223022;717
736.5704346;668
736.7186279;679
736.8667603;704
737.0148926;743
737.1629639;610
737.3110962;612
737.4592285;761
737.6072998;1034
737.7553711;565
737.9034424;827
738.0515137;628
738.199585;642
738.3475952;595
738.4956055;632
738.6436768;663
738.791687;752
738.9396973;649
739.0876465;647
739.2356567;692
739.383667;731
739.5316162;714
739.6795654;710
739.8275146;609
739.9754639;732
740.1234131;613
740.2713013;599
740.4191895;729
740.5671387;672
740.7150269;614
740.862915;672
741.0107422;681
741.1586304;774
741.3064575;602
741.4543457;759
741.6021729;656
741.75;736
741.8978271;689
742.0455933;799
742.1934204;889
742.3411865;668
742.4889526;600
742.6367188;766
742.7844849;693
742.932251;830
743.0800171;642
743.2277222;622
743.3754272;727
743.5231323;654
743.6708374;641
743.8185425;789
743.9662476;689
744.1138916;613
744.2615967;809
744.4092407;596
744.5568848;670
744.7045288;614
744.8521118;546
744.9997559;766
745.1473389;614
745.2949829;707
745.4425659;745
745.5901489;669
745.7377319;731
745.8852539;727
746.0328369;705
746.1803589;638
746.3278809;768
746.4754028;675
746.6229248;673
746.7704468;568
746.9179077;631
747.0654297;618
747.2128906;559
747.3603516;608
747.5078125;756
747.6552124;729
747.8026733;703
747.9500732;551
748.0975342;802
748.2449341;684
748.392334;604
748.5397339;781
748.6870728;803
748.8344727;595
748.9818115;732
749.1291504;622
749.2764893;760
749.4238281;689
749.571167;827
749.7185059;658
749.8657837;799
750.0130615;644
750.1603394;584
750.3076172;627
750.454895;707
750.6021729;587
750.7493896;614
750.8966064;658
751.0438843;695
751.1911011;603
751.3382568;615
751.4854736;787
751.6326904;911
751.7798462;627
751.927002;699
752.0741577;579
752.2213135;693
752.3684692;729
752.515625;611
752.6627197;737
752.8098145;693
752.9569092;754
753.1040039;646
753.2510986;627
753.3981934;594
753.5452271;688
753.6923218;655
753.8393555;703
753.9863892;689
754.1334229;713
754.2803955;576
754.4274292;669
754.5744019;665
754.7214355;652
754.8684082;824
755.0153809;704
755.1622925;772
755.3092651;748
755.4561768;786
755.6031494;562
755.750061;716
755.8969727;712
756.0438843;700
756.1907349;605
756.3376465;671
756.4844971;646
756.6313477;808
756.7781982;722
756.9250488;804
757.0718994;685
757.218689;633
757.3655396;626
757.5123291;619
757.6591187;600
757.8059082;464
757.9526978;672
758.0994263;701
758.2462158;857
758.3929443;612
758.5396729;660
758.6864014;674
758.8331299;734
758.9798584;648
759.1265259;722
759.2732544;634
759.4199219;773
759.5665894;623
759.7132568;694
759.8598633;729
760.0065308;645
760.1531372;630
760.2998047;717
760.4464111;727
760.5930176;726
760.739563;650
760.8861694;677
761.0327759;862
761.1793213;639
761.3258667;601
761.4724121;621
761.6189575;648
761.7654419;689
761.9119873;635
762.0584717;714
762.2049561;668
762.3514404;660
762.4979248;676
762.6444092;689
762.7908936;669
762.9373169;616
763.0837402;660
763.2301636;674
763.3765869;596
763.5230103;604
763.6694336;658
763.8157959;616
763.9621582;819
764.1085205;558
764.2548828;732
764.4012451;605
764.5476074;552
764.6939087;787
764.840271;659
764.9865723;664
765.1328735;626
765.2791748;746
765.425415;745
765.5717163;743
765.7179565;754
765.8642578;633
766.010498;725
766.1567383;668
766.3029175;597
766.4491577;683
766.5953369;616
766.7415771;664
766.8877563;604
767.0339355;500
767.1800537;627
767.3262329;544
767.4724121;612
767.6185303;626
767.7646484;718
767.9107666;639
768.0568848;746
768.2029419;692
768.3490601;681
768.4951172;669
768.6412354;721
768.7872925;829
768.9332886;744
769.0793457;824
769.2254028;594
769.3713989;754
769.517395;592
769.6633911;702
769.8093872;640
769.9553833;677
770.1013794;555
770.2473145;564
770.3933105;735
770.5392456;728
770.6851807;568
770.8310547;637
770.9769897;690
771.1229248;671
771.2687988;768
771.4146729;646
771.5605469;698
771.7064209;751
771.8522949;601
771.9981079;636
772.1439209;581
772.2897949;649
772.4356079;655
772.5814209;586
772.7271729;732
772.8729858;588
773.0187378;682
773.1645508;609
773.3103027;901
773.4560547;724
773.6017456;586
773.7474976;783
773.8931885;712
774.0389404;786
774.1846313;754
774.3303223;655
774.4760132;745
774.6216431;596
774.767334;769
774.9129639;691
775.0585938;691
775.2042236;770
775.3498535;674
775.4954834;628
775.6410522;619
775.7866821;643
775.932251;697
776.0778198;659
776.2233887;1152
776.3688965;801
776.5144653;633
776.6599731;570
776.805542;679
776.9510498;802
777.0965576;616
777.2420044;556
777.3875122;709
777.532959;771
777.6784668;779
777.8239136;858
777.9693604;654
778.1148071;866
778.2601929;679
778.4056396;595
778.5510254;677
778.6964111;611
778.8417969;713
778.9871826;733
779.1325684;705
779.2778931;756
779.4232178;635
779.5686035;776
779.7139282;738
779.8592529;738
780.0045166;706
780.1498413;467
780.295105;594
780.4403687;691
780.5856323;767
780.730896;599
780.8761597;707
781.0214233;739
781.166626;897
781.3118286;593
781.4570313;633
781.6022339;793
781.7474365;783
781.8926392;676
782.0377808;682
782.1829224;740
782.328125;694
782.4732056;713
782.6183472;646
782.7634888;629
782.9085693;546
783.0537109;681
783.1987915;674
783.3438721;705
783.4889526;700
783.6339722;701
783.7790527;552
783.9240723;657
784.0690918;636
784.2141113;656
784.3591309;654
784.5041504;554
784.6491089;654
784.7941284;704
784.9390869;586
785.0840454;745
785.2290039;819
785.3739624;555
785.5188599;690
785.6638184;751
785.8087158;614
785.9536133;643
786.0985107;615
786.2434082;631
786.3882446;667
786.5331421;739
786.6779785;709
786.8228149;807
786.9676514;689
787.1124878;677
787.2572632;689
787.4020996;632
787.546875;739
787.6916504;630
787.8364258;686
787.9812012;738
788.1259766;788
788.2706909;623
788.4154053;779
788.5601807;725
788.704895;731
788.8495483;736
788.9942627;737
789.1389771;789
789.2836304;832
789.4282837;709
789.572937;644
789.7175903;756
789.8622437;742
790.0068359;856
790.1514893;602
790.2960815;764
790.4406738;630
790.5852661;585
790.7297974;662
790.8743896;659
791.0189209;586
791.1635132;597
791.3080444;826
791.4525757;561
791.5970459;657
791.7415771;501
791.8860474;568
792.0305786;663
792.1750488;612
792.319519;674
792.4639282;648
792.6083984;692
792.7528076;577
792.8972778;620
793.041687;823
793.1860962;764
793.3305054;730
793.4748535;650
793.6192627;630
793.7636108;775
793.907959;718
794.0523071;749
794.1966553;639
794.3409424;823
794.4852905;629
794.6295776;731
794.7738647;744
794.9181519;787
795.062439;753
795.2067261;558
795.3509521;845
795.4952393;750
795.6394653;715
795.7836914;652
795.9279175;747
796.0720825;652
796.2163086;623
796.3604736;613
796.5046387;662
796.6488037;637
796.7929688;710
796.9371338;653
797.0812988;780
797.2254028;631
797.3695068;696
797.5136108;793
797.6577148;628
797.8018188;716
797.9458618;611
798.0899658;674
798.2340088;934
798.3780518;702
798.5220947;610
798.6661377;691
798.8101196;793
798.9541626;749
799.0981445;845
799.2421265;691
799.3861084;675
799.5300903;770
799.6740112;634
799.8179932;654
799.9619141;799
800.105835;771
800.2497559;637
800.3936768;537
800.5375366;697
800.6814575;609
800.8253174;775
800.9691772;776
801.1130371;614
801.256897;730
801.4006958;718
801.5445557;685
801.6883545;748
801.8321533;661
801.9759521;635
802.119751;607
802.2635498;654
802.4072876;742
802.5510254;654
802.6947632;635
802.838501;761
802.9822388;697
803.1259766;633
803.2696533;653
803.4133911;867
803.5570679;722
803.7007446;734
803.8444214;580
803.9880371;730
804.1317139;617
804.2753296;731
804.4189453;729
804.562561;590
804.7061768;747
804.8497925;606
804.9933472;671
805.1369019;878
805.2805176;703
805.4240723;779
805.5675659;677
805.7111206;725
805.8546753;597
805.9981689;747
806.1416626;655
806.2851563;590
806.4286499;808
806.5721436;698
806.7155762;747
806.8590698;571
807.0025024;631
807.1459351;824
807.2893677;643
807.4327393;611
807.5761719;727
807.7195435;747
807.862915;712
808.0062866;731
808.1496582;845
808.2930298;653
808.4363403;729
808.5797119;608
808.7230225;695
808.866333;578
809.0096436;766
809.1529541;706
809.2962036;662
809.4394531;671
809.5827637;679
809.7260132;777
809.8692627;581
810.0124512;583
810.1557007;609
810.2988892;779
810.4420776;716
810.5852661;584
810.7284546;659
810.8716431;616
811.0148315;639
811.157959;624
811.3010864;678
811.4442139;829
811.5873413;666
811.7304688;641
811.8735352;538
812.0166626;723
812.159729;870
812.3027954;721
812.4458618;700
812.5889282;661
812.7319336;857
812.875;667
813.0180054;626
813.1610107;476
813.3040161;672
813.4469604;726
813.5899658;607
813.7329102;637
813.8759155;600
814.0188599;592
814.1618042;675
814.3046875;759
814.4476318;702
814.5905151;606
814.7333984;746
814.8762817;635
815.019165;667
815.1620483;649
815.3049316;687
815.4477539;743
815.5905762;703
815.7333984;683
815.8762207;544
816.019043;563
816.1618042;747
816.3046265;653
816.4473877;483
816.5901489;712
816.7329102;647
816.8756714;641
817.0183716;518
817.1611328;711
817.303833;562
817.4465332;675
817.5892334;682
817.7319336;901
817.8745728;701
818.0172119;853
818.1599121;661
818.3025513;759
818.4451904;532
818.5877686;724
818.7304077;638
818.8729858;840
819.015625;711
819.1582031;628
819.3007202;752
819.4432983;685
819.5858765;692
819.7283936;579
819.8709106;670
820.0134277;654
820.1559448;646
820.2984619;640
820.440918;679
820.5834351;757
820.7258911;489
820.8683472;703
821.0108032;658
821.1532593;743
821.2956543;856
821.4381104;602
821.5805054;717
821.7229004;661
821.8652954;709
822.0076294;704
822.1500244;619
822.2923584;902
822.4346924;516
822.5770264;734
822.7193604;568
822.8616943;691
823.0040283;747
823.1463013;618
823.2885742;625
823.4308472;794
823.5731201;689
823.7153931;703
823.857605;769
823.9998779;748
824.1420898;707
824.2843018;578
824.4265137;719
824.5686646;704
824.7108765;686
824.8530273;669
824.9951782;727
825.1373291;817
825.27948;694
825.4216309;671
825.5637207;772
825.7058716;645
825.8479614;690
825.9900513;863
826.1321411;753
826.2741699;634
826.4162598;642
826.5582886;821
826.7003174;615
826.8423462;646
826.984375;831
827.1264038;729
827.2683716;768
827.4103394;755
827.5523682;811
827.6943359;719
827.8362427;912
827.9782104;726
828.1201172;631
828.262085;663
828.4039917;675
828.5458984;692
828.6878052;729
828.8296509;659
828.9715576;697
829.1134033;659
829.255249;632
829.3970947;604
829.5389404;817
829.6807861;572
829.8225708;821
829.9643555;780
830.1061401;678
830.2479248;726
830.3897095;694
830.5314941;604
830.6732178;782
830.8149414;811
830.956665;863
831.0983887;721
831.2401123;772
831.3818359;679
831.5234985;581
831.6651611;459
831.8068237;666
831.9484863;776
832.0901489;721
832.2318115;578
832.3734131;763
832.5150146;645
832.6566162;658
832.7982178;788
832.9398193;669
833.0813599;921
833.2229614;830
833.364502;607
833.5060425;610
833.647583;646
833.7891235;780
833.930603;825
834.0721436;795
834.213623;671
834.3551025;839
834.496582;604
834.6380005;736
834.77948;599
834.9208984;773
835.0623169;553
835.2037354;710
835.3451538;680
835.4865723;787
835.6279297;616
835.7693481;572
835.9107056;679
836.052063;788
836.1934204;587
836.3347168;650
836.4760742;702
836.6173706;831
836.758667;780
836.8999634;747
837.0412598;711
837.1825562;769
837.3237915;635
837.4650269;586
837.6063232;759
837.7474976;555
837.8887329;688
838.0299683;633
838.1711426;613
838.3123779;593
838.4535522;789
838.5947266;694
838.7358398;686
838.8770142;592
839.0181274;764
839.1593018;692
839.300415;591
839.4415283;829
839.5825806;586
839.7236938;640
839.8647461;722
840.0057983;685
840.1469116;744
840.2879028;721
840.4289551;712
840.5700073;793
840.7109985;650
840.8519897;700
840.992981;638
841.1339722;646
841.2749634;750
841.4158936;697
841.5568848;824
841.6978149;643
841.8387451;607
841.9796753;765
842.1205444;594
842.2614746;618
842.4023438;659
842.5432129;705
842.684082;722
842.8249512;635
842.9658203;775
843.1066284;663
843.2474365;832
843.3883057;647
843.5291138;777
843.6698608;673
843.8106689;627
843.951416;632
844.0922241;743
844.2329712;716
844.3737183;866
844.5144043;639
844.6551514;630
844.7958374;737
844.9365845;622
845.0772705;693
845.2179565;577
845.3585815;785
845.4992676;694
845.6398926;779
845.7805176;696
845.9211426;600
846.0617676;646
846.2023926;633
846.3430176;855
846.4835815;644
846.6241455;710
846.7647095;701
846.9052734;748
847.0458374;701
847.1863403;754
847.3268433;779
847.4674072;778
847.6079102;836
847.7483521;702
847.888855;687
848.0292969;713
848.1697998;583
848.3102417;744
848.4506836;795
848.5911255;743
848.7315063;630
848.8719482;669
849.0123291;702
849.15271;689
849.2930908;685
849.4334717;799
849.5737915;710
849.7141724;643
849.8544922;494
849.994812;740
850.1351318;667
850.2754517;627
850.4157104;539
850.5559692;663
850.6962891;810
850.8365479;741
850.9767456;681
851.1170044;697
851.2572632;849
851.3974609;719
851.5376587;1498
851.6778564;736
851.8180542;590
851.958252;578
852.0983887;661
852.2385254;647
852.3787231;636
852.5187988;753
852.6589355;763
852.7990723;702
852.9391479;709
853.0792847;534
853.2193604;644
853.359436;913
853.4994507;627
853.6395264;736
853.779541;701
853.9196167;726
854.0596313;746
854.199585;815
854.3395996;824
854.4796143;742
854.6195679;699
854.7595215;777
854.8994751;629
855.0394287;668
855.1793823;521
855.3192749;649
855.4592285;586
855.5991211;576
855.7390137;688
855.8789063;514
856.0187378;844
856.1586304;765
856.2984619;634
856.4382935;756
856.578125;793
856.7179565;712
856.8577271;740
856.9975586;593
857.1373291;646
857.2770996;666
857.4168701;790
857.5566406;796
857.6963501;660
857.8361206;661
857.9758301;663
858.1155396;827
858.255249;672
858.3948975;692
858.5346069;838
858.6742554;669
858.8139038;625
858.9535522;716
859.0932007;720
859.2328491;553
859.3724365;748
859.512085;732
859.6516724;688
859.7912598;582
859.9308472;776
860.0703735;840
860.2099609;566
860.3494873;686
860.4890137;767
860.62854;770
860.7680664;770
860.9075317;827
861.0469971;767
861.1865234;807
861.3259888;597
861.4654541;635
861.6048584;629
861.7443237;585
861.883728;649
862.0231323;566
862.1625366;597
862.3019409;812
862.4413452;716
862.5806885;724
862.7200928;605
862.859436;690
862.9987793;660
863.1380615;600
863.2774048;708
863.416687;834
863.5560303;775
863.6953125;544
863.8345947;608
863.9738159;652
864.1130981;585
864.2523193;585
864.3916016;670
864.5308228;756
864.6699829;722
864.8092041;708
864.9484253;606
865.0875854;667
865.2267456;652
865.3659058;725
865.5050659;638
865.6442261;633
865.7833252;953
865.9224243;534
866.0615234;636
866.2006226;653
866.3397217;726
866.4788208;622
866.6178589;703
866.756897;780
866.8959351;858
867.0349731;759
867.1740112;729
867.3130493;813
867.4520264;754
867.5910034;697
867.7299805;679
867.8689575;690
868.0079346;606
868.1468506;713
868.2857666;696
868.4247437;647
868.5635986;533
868.7025146;549
868.8414307;708
868.9802856;716
869.1192017;773
869.2580566;772
869.3969116;672
869.5357056;794
869.6745605;718
869.8133545;778
869.9521484;652
870.0909424;720
870.2297363;821
870.3685303;635
870.5073242;693
870.6460571;760
870.78479;870
870.9235229;492
871.0622559;659
871.2009277;850
871.3396606;778
871.4783325;585
871.6170044;724
871.7556763;837
871.8943481;667
872.03302;777
872.1716309;660
872.3102417;860
872.4488525;736
872.5874634;755
872.7260742;710
872.864624;498
873.0032349;546
873.1417847;726
873.2803345;655
873.4188843;871
873.557373;729
873.6959229;609
873.8344116;777
873.9729004;693
874.1113892;651
874.2498779;560
874.3883057;602
874.5267944;694
874.6652222;678
874.8036499;739
874.9420776;698
875.0805054;589
875.2188721;617
875.3572998;811
875.4956665;689
875.6340332;771
875.7723999;662
875.9107056;586
876.0490723;593
876.1873779;652
876.3256836;757
876.4639893;789
876.6022949;695
876.7405396;846
876.8788452;694
877.0170898;756
877.1553345;734
877.2935791;705
877.4318237;691
877.5700073;657
877.708252;714
877.8464355;805
877.9846191;736
878.1228027;751
878.2609253;670
878.3991089;629
878.5372314;856
878.675354;610
878.8134766;685
878.9515991;635
879.0896606;710
879.2277832;810
879.3658447;587
879.5039063;736
879.6419678;787
879.7800293;751
879.9180298;683
880.0560913;703
880.1940918;636
880.3320923;703
880.4700928;791
880.6080322;595
880.7460327;727
880.8839722;706
881.0219116;841
881.1598511;713
881.2977905;719
881.4356689;697
881.5736084;603
881.7114868;696
881.8493652;760
881.9872437;579
882.125061;836
882.2629395;743
882.4007568;776
882.5385742;750
882.6763916;689
882.814209;804
882.9520264;687
883.0897827;816
883.2276001;627
883.3653564;756
883.5031128;684
